,Symbol
0,AAAU
1,AADR
2,AAMC
3,AAU
4,ACES
5,ACIM
6,ACSI
7,ACU
8,ACWF
9,ACWV
10,ACY
11,AE
12,AEF
13,AFK
14,AFTY
15,AGF
16,AGG
17,AGGE
18,AGGP
19,AGGY
20,AGQ
21,AGT
22,AGZ
23,AIEQ
24,AIIQ
25,AINC
26,AIRI
27,AKG
28,ALD
29,ALFA
30,ALN
31,ALO
32,ALTS
33,AMBO
34,AMJ
35,AMJL
36,AMLP
37,AMPE
38,AMS
39,AMU
40,AMUB
41,AMZA
42,ANGL
43,AOA
44,AOK
45,AOM
46,AOR
47,APHB
48,APT
49,ARCM
50,ARGT
51,ARKG
52,ARKK
53,ARKQ
54,ARKW
55,ARN.P
56,ARVR
57,ASB.W
58,ASEA
59,ASHR
60,ASHS
61,ASHX
62,ASM
63,AST
64,ATMP
65,ATNM
66,AUG
67,AUGR
68,AUMN
69,AUSE
70,AUSF
71,AWX
72,AXJL
73,AXJV
74,AXU
75,BAB
76,BALB
77,BAR
78,BATT
79,BBAX
80,BBC
81,BBCA
82,BBEU
83,BBJP
84,BBP
85,BBRC
86,BBRE
87,BCD
88,BCI
89,BCM
90,BCV
91,BCV-A
92,BDCL
93,BDCS
94,BDCZ
95,BDD
96,BDL
97,BDR
98,BDRY
99,BEF
100,BEMO
101,BERN
102,BFOR
103,BGI
104,BGSF
105,BHB
106,BIBL
107,BIKR
108,BIL
109,BIV
110,BIZD
111,BJJN
112,BJK
113,BJO
114,BJUL
115,BKC
116,BKF
117,BKJ
118,BKLN
119,BKTI
120,BLES
121,BLHY
122,BLOK
123,BLV
124,BNDC
125,BNO
126,BOIL
127,BOM
128,BOND
129,BOON
130,BOS
131,BOSS
132,BPMX
133,BRF
134,BRG
135,BRG-A
136,BRG-C
137,BRG-D
138,BRGL
139,BRN
140,BRZU
141,BSCI
142,BSCJ
143,BSCK
144,BSCL
145,BSCM
146,BSCN
147,BSCO
148,BSCP
149,BSCQ
150,BSCR
151,BSCS
152,BSJI
153,BSJJ
154,BSJK
155,BSJL
156,BSJM
157,BSJN
158,BSJO
159,BSJP
160,BSJQ
161,BSV
162,BTAL
163,BTG
164,BTN
165,BTX
166,BTX.W
167,BUY
168,BUYN
169,BUZ
170,BVAL
171,BVX
172,BWL.A
173,BWX
174,BWZ
175,BYLD
176,BZF
177,BZQ
178,CALF
179,CANE
180,CANF
181,CAPE
182,CAW
183,CBND
184,CBON
185,CCA
186,CCF
187,CCOR
188,CDOR
189,CEF
190,CEFL
191,CEFS
192,CEI
193,CEMB
194,CET
195,CEV
196,CEW
197,CGW
198,CHAD
199,CHAU
200,CHEP
201,CHGX
202,CHIE
203,CHII
204,CHIM
205,CHIQ
206,CHIX
207,CIK
208,CIX
209,CJNK
210,CKX
211,CLIX
212,CLM
213,CLTL
214,CMBS
215,CMCL
216,CMDT
217,CMDY
218,CMF
219,CMT
220,CN
221,CNHX
222,CNXT
223,CNY
224,CNYA
225,COHN
226,COM
227,COMB
228,COMG
229,COPX
230,CORN
231,CORP
232,COWB
233,COWZ
234,CPER
235,CPHI
236,CPI
237,CQH
238,CQP
239,CQQQ
240,CRAK
241,CRBN
242,CRF
243,CRHM
244,CRMD
245,CROC
246,CROP
247,CSD
248,CSM
249,CTEK
250,CTO
251,CUMB
252,CUO
253,CURE
254,CUT
255,CVM
256,CVM.W
257,CVR
258,CVRS
259,CVU
260,CVY
261,CWAI
262,CWB
263,CWEB
264,CWI
265,CWS
266,CYB
267,CYM
268,CZA
269,DAG
270,DALT
271,DAUD
272,DBA
273,DBAP
274,DBAW
275,DBB
276,DBC
277,DBE
278,DBEF
279,DBEM
280,DBEU
281,DBEZ
282,DBGR
283,DBJP
284,DBKO
285,DBO
286,DBP
287,DBS
288,DBUK
289,DBV
290,DCHF
291,DDEZ
292,DDG
293,DDJP
294,DDLS
295,DDM
296,DDP
297,DDWM
298,DEEF
299,DEF
300,DEFA
301,DEM
302,DEMG
303,DES
304,DESC
305,DEUR
306,DEUS
307,DEW
308,DEWJ
309,DEZU
310,DFE
311,DFEN
312,DFJ
313,DFND
314,DGAZ
315,DGBP
316,DGL
317,DGP
318,DGRO
319,DGS
320,DGSE
321,DGT
322,DGZ
323,DHDG
324,DHS
325,DHVW
326,DHY
327,DIA
328,DIAL
329,DIG
330,DIM
331,DIT
332,DIV
333,DIVA
334,DIVB
335,DIVO
336,DIVY
337,DJCI
338,DJD
339,DJP
340,DJPY
341,DLA
342,DLBR
343,DLN
344,DLS
345,DMF
346,DMRI
347,DMRL
348,DMRM
349,DMRS
350,DNL
351,DNN
352,DNO
353,DOD
354,DOG
355,DOGS
356,DOL
357,DON
358,DOO
359,DPK
360,DPST
361,DPW
362,DRIP
363,DRN
364,DRR
365,DRSK
366,DRV
367,DRW
368,DSI
369,DSS
370,DSUM
371,DTD
372,DTEC
373,DTH
374,DTN
375,DTO
376,DUG
377,DUSL
378,DUST
379,DVEM
380,DVHL
381,DVP
382,DVYA
383,DVYE
384,DVYL
385,DWM
386,DWMF
387,DWT
388,DWX
389,DXD
390,DXF
391,DXJ
392,DXJF
393,DXR
394,DYB
395,DYLS
396,DYY
397,DZK
398,DZZ
399,EAD
400,EASI
401,EBND
402,ECF
403,ECF-A
404,ECH
405,ECNS
406,ECON
407,EDC
408,EDEN
409,EDIV
410,EDOG
411,EDOM
412,EDOW
413,EDV
414,EDZ
415,EEB
416,EED
417,EEH
418,EELV
419,EEM
420,EEMD
421,EEMO
422,EEMS
423,EEMV
424,EEMX
425,EES
426,EET
427,EEV
428,EFA
429,EFAD
430,EFAV
431,EFAX
432,EFFE
433,EFG
434,EFNL
435,EFO
436,EFU
437,EFV
438,EFZ
439,EGI
440,EGPT
441,EIA
442,EIDO
443,EIM
444,EIO
445,EIP
446,EIRL
447,EIS
448,EIV
449,EKAR
450,ELD
451,ELLO
452,ELMD
453,EMAG
454,EMAN
455,EMBH
456,EMBU
457,EMDV
458,EMEM
459,EMFM
460,EMGF
461,EMHY
462,EMI
463,EMIH
464,EMJ
465,EMLC
466,EMLP
467,EMMF
468,EMQQ
469,EMSH
470,EMTL
471,EMTY
472,EMX
473,ENFR
474,ENOR
475,ENSV
476,ENTR
477,ENX
478,ENY
479,EPHE
480,EPI
481,EPM
482,EPOL
483,EPP
484,EPRF
485,EPS
486,EPU
487,EPV
488,EQAL
489,EQL
490,EQLT
491,EQWL
492,EQWM
493,EQWS
494,ERC
495,ERH
496,ERM
497,ERUS
498,ERX
499,ERY
500,ESBA
501,ESGF
502,ESGL
503,ESGN
504,ESGS
505,ESGW
506,ESML
507,ESNC
508,ESP
509,ETHO
510,EUDG
511,EUDV
512,EUFL
513,EUFX
514,EUM
515,EUMV
516,EUO
517,EURL
518,EURZ
519,EUSA
520,EUSC
521,EUXL
522,EVBN
523,EVI
524,EVIX
525,EVJ
526,EVM
527,EVO
528,EVP
529,EVV
530,EVX
531,EVY
532,EWA
533,EWC
534,EWD
535,EWEM
536,EWG
537,EWGS
538,EWH
539,EWI
540,EWJ
541,EWK
542,EWL
543,EWM
544,EWMC
545,EWN
546,EWO
547,EWP
548,EWQ
549,EWRE
550,EWS
551,EWSC
552,EWT
553,EWU
554,EWUS
555,EWV
556,EWW
557,EWX
558,EWY
559,EWZ
560,EXI
561,EXIV
562,EXT
563,EYLD
564,EZA
565,EZJ
566,EZM
567,EZU
568,FAN
569,FANZ
570,FAS
571,FAUS
572,FAX
573,FAZ
574,FBGX
575,FBND
576,FBT
577,FCG
578,FCO
579,FCOM
580,FCOR
581,FCTR
582,FDD
583,FDHY
584,FDIS
585,FDL
586,FDLO
587,FDM
588,FDMO
589,FDN
590,FDRR
591,FDVV
592,FEN
593,FENY
594,FEU
595,FEUL
596,FEZ
597,FFEU
598,FFHG
599,FFIU
600,FFR
601,FFSG
602,FFTG
603,FFTI
604,FFTY
605,FGD
606,FHLC
607,FIBR
608,FIDI
609,FIDU
610,FIEE
611,FIEG
612,FIEU
613,FIHD
614,FILL
615,FINU
616,FINZ
617,FISK
618,FIVA
619,FIW
620,FIYY
621,FLAG
622,FLAU
623,FLAX
624,FLBL
625,FLBR
626,FLCA
627,FLCH
628,FLCO
629,FLDR
630,FLEE
631,FLEH
632,FLEU
633,FLFR
634,FLGB
635,FLGE
636,FLGR
637,FLHK
638,FLHY
639,FLIA
640,FLIN
641,FLIO
642,FLIY
643,FLJH
644,FLJP
645,FLKR
646,FLLV
647,FLM
648,FLMB
649,FLMI
650,FLMX
651,FLOT
652,FLQD
653,FLQE
654,FLQG
655,FLQH
656,FLQL
657,FLQM
658,FLQS
659,FLRN
660,FLRT
661,FLRU
662,FLSW
663,FLTB
664,FLTR
665,FLTW
666,FM
667,FMAT
668,FMDG
669,FMF
670,FNCL
671,FNDA
672,FNDB
673,FNDC
674,FNDE
675,FNDF
676,FNDX
677,FNG
678,FNGD
679,FNGO
680,FNGU
681,FNGZ
682,FNI
683,FPE
684,FPEI
685,FPX
686,FQAL
687,FRAK
688,FRD
689,FREL
690,FRI
691,FRLG
692,FRN
693,FSI
694,FSP
695,FSTA
696,FTEC
697,FTF
698,FTLS
699,FTNW
700,FTSD
701,FTVA
702,FUD
703,FUE
704,FUT
705,FUTY
706,FVAL
707,FVD
708,FVL
709,FWDB
710,FWDD
711,FWDI
712,FXA
713,FXB
714,FXC
715,FXCH
716,FXD
717,FXE
718,FXF
719,FXG
720,FXH
721,FXI
722,FXL
723,FXN
724,FXO
725,FXP
726,FXR
727,FXS
728,FXSG
729,FXU
730,FXY
731,FXZ
732,FYLD
733,GAA
734,GAL
735,GAMR
736,GARD
737,GASL
738,GASX
739,GAZB
740,GBF
741,GBIL
742,GBR
743,GCC
744,GCE
745,GCOW
746,GDP
747,GDVD
748,GDX
749,GDXJ
750,GDXS
751,GDXX
752,GEM
753,GEX
754,GGN
755,GGN-B
756,GGO
757,GGO-A
758,GHII
759,GHYB
760,GHYG
761,GIGB
762,GII
763,GLD
764,GLDM
765,GLDW
766,GLF
767,GLF.W
768,GLL
769,GLO
770,GLOW
771,GLQ
772,GLTR
773,GLU
774,GLU-A
775,GLV
776,GMF
777,GMFL
778,GMI
779,GMO
780,GMOM
781,GNAF
782,GNR
783,GOAU
784,GOEX
785,GORO
786,GOVT
787,GPL
788,GQRE
789,GREK
790,GRES
791,GRF
792,GRI
793,GRMY
794,GRNB
795,GRU
796,GSAT
797,GSB
798,GSC
799,GSD
800,GSEU
801,GSEW
802,GSG
803,GSIE
804,GSJY
805,GSLC
806,GSP
807,GSS
808,GSSC
809,GST
810,GST-A
811,GST-B
812,GSV
813,GSY
814,GTE
815,GTO
816,GUDB
817,GUNR
818,GURU
819,GUSH
820,GV
821,GVAL
822,GVI
823,GVIP
824,GWX
825,GXC
826,GXF
827,GXG
828,GYLD
829,HACK
830,HAHA
831,HAO
832,HAP
833,HAUD
834,HAWX
835,HCA.U
836,HCA.W
837,HCAC
838,HCOR
839,HDAW
840,HDEF
841,HDG
842,HDGE
843,HDLV
844,HDMV
845,HDV
846,HEB
847,HECO
848,HEDJ
849,HEEM
850,HEFA
851,HEWC
852,HEWI
853,HEWJ
854,HEWL
855,HEWP
856,HEWU
857,HEWW
858,HEWY
859,HEZU
860,HFXE
861,HFXI
862,HFXJ
863,HGI
864,HGSD
865,HILO
866,HIPS
867,HJPX
868,HLM.P
869,HLTH
870,HMG
871,HMOP
872,HNW
873,HOLD
874,HOML
875,HONR
876,HQBD
877,HSCZ
878,HSPX
879,HSRT
880,HTAB
881,HTRB
882,HTUS
883,HUSA
884,HUSE
885,HUSV
886,HVX
887,HYD
888,HYDB
889,HYDD
890,HYDW
891,HYEM
892,HYG
893,HYGH
894,HYGV
895,HYHG
896,HYIH
897,HYLB
898,HYLD
899,HYLV
900,HYMB
901,HYS
902,HYUP
903,HYXU
904,IAF
905,IAGG
906,IAI
907,IAK
908,IAT
909,IAU
910,IAUF
911,IBCD
912,IBCE
913,IBD
914,IBDC
915,IBDD
916,IBDH
917,IBDK
918,IBDL
919,IBDM
920,IBDN
921,IBDO
922,IBDP
923,IBDQ
924,IBDR
925,IBDS
926,IBIO
927,IBMG
928,IBMH
929,IBMI
930,IBMJ
931,IBMK
932,IBML
933,IBMM
934,IBND
935,IBO
936,ICAN
937,ICF
938,ICOL
939,ICOW
940,ICSH
941,ICVT
942,IDEV
943,IDHD
944,IDHQ
945,IDIV
946,IDLV
947,IDMO
948,IDN
949,IDOG
950,IDU
951,IDV
952,IDX
953,IEC
954,IECS
955,IEDI
956,IEFA
957,IEFN
958,IEHS
959,IEIH
960,IEMD
961,IEME
962,IEMG
963,IEMV
964,IEO
965,IETC
966,IEUR
967,IEV
968,IEZ
969,IFIX
970,IFLY
971,IFRA
972,IG
973,IGBH
974,IGC
975,IGE
976,IGEB
977,IGHG
978,IGIH
979,IGLB
980,IGM
981,IGN
982,IGRO
983,IGV
984,IGVT
985,IGZ
986,IHDG
987,IHE
988,IHF
989,IHI
990,IHT
991,IHY
992,IIGD
993,IJH
994,IJJ
995,IJK
996,IJR
997,IJS
998,ILF
999,ILTB
1000,IMFC
1001,IMH
1002,IMLP
1003,IMO
1004,IMOM
1005,IMTB
1006,IMTM
1007,IMU.W
1008,IMUC
1009,INCO
1010,INDA
1011,INDL
1012,INDS
1013,INFU
1014,INKM
1015,INR
1016,INS
1017,INTF
1018,INTT
1019,INUV
1020,INXX
1021,IOO
1022,IOR
1023,IPAC
1024,IPAY
1025,IPB
1026,IPE
1027,IPFF
1028,IPO
1029,IPOS
1030,IQDE
1031,IQDF
1032,IQDG
1033,IQDY
1034,IQLT
1035,IRBO
1036,ISCF
1037,ISDR
1038,ISMD
1039,ISR
1040,ISRA
1041,ISZE
1042,ITA
1043,ITB
1044,ITE
1045,ITEQ
1046,ITM
1047,ITOT
1048,ITP
1049,IVAL
1050,IVE
1051,IVLU
1052,IVOG
1053,IVOO
1054,IVOV
1055,IVV
1056,IVW
1057,IWB
1058,IWC
1059,IWD
1060,IWF
1061,IWL
1062,IWM
1063,IWN
1064,IWO
1065,IWP
1066,IWR
1067,IWS
1068,IWV
1069,IWX
1070,IWY
1071,IXC
1072,IXG
1073,IXJ
1074,IXN
1075,IXP
1076,IYC
1077,IYE
1078,IYF
1079,IYG
1080,IYH
1081,IYJ
1082,IYK
1083,IYLD
1084,IYM
1085,IYR
1086,IYT
1087,IYW
1088,IYY
1089,IYZ
1090,IZRL
1091,JBRI
1092,JDIV
1093,JDST
1094,JETS
1095,JHDG
1096,JHMA
1097,JHMC
1098,JHMD
1099,JHME
1100,JHMF
1101,JHMH
1102,JHMI
1103,JHML
1104,JHMM
1105,JHMS
1106,JHMT
1107,JHMU
1108,JHSC
1109,JJAB
1110,JJCB
1111,JJEB
1112,JJGB
1113,JJMB
1114,JJPB
1115,JJSB
1116,JJTB
1117,JJUB
1118,JKD
1119,JKE
1120,JKF
1121,JKG
1122,JKH
1123,JKJ
1124,JKK
1125,JKL
1126,JMIN
1127,JMOM
1128,JNK
1129,JNUG
1130,JOB
1131,JPED
1132,JPEH
1133,JPEM
1134,JPEU
1135,JPGB
1136,JPGE
1137,JPHF
1138,JPHY
1139,JPIH
1140,JPIN
1141,JPLS
1142,JPMB
1143,JPME
1144,JPMF
1145,JPMV
1146,JPN
1147,JPNL
1148,JPSE
1149,JPST
1150,JPUS
1151,JPXN
1152,JQUA
1153,JUST
1154,JVAL
1155,JXI
1156,KALL
1157,KARS
1158,KBA
1159,KBE
1160,KCCB
1161,KCE
1162,KCNY
1163,KEMQ
1164,KFYP
1165,KGRN
1166,KIE
1167,KIQ
1168,KLDW
1169,KLX
1170,KMED
1171,KNG
1172,KNOW
1173,KOIN
1174,KOL
1175,KOLD
1176,KOR
1177,KORP
1178,KORU
1179,KRE
1180,KSA
1181,KURE
1182,KWEB
1183,KXI
1184,LABD
1185,LABU
1186,LBDC
1187,LBJ
1188,LBY
1189,LD
1190,LDRS
1191,LDUR
1192,LEAD
1193,LEMB
1194,LEU
1195,LEVB
1196,LFEQ
1197,LGL
1198,LGLV
1199,LIQT
1200,LIT
1201,LLEX
1202,LLQD
1203,LMLP
1204,LNG
1205,LODE
1206,LOGO
1207,LOUP
1208,LOV
1209,LOWC
1210,LQD
1211,LQDH
1212,LQDI
1213,LRET
1214,LRGF
1215,LSST
1216,LTL
1217,LTPZ
1218,LTS
1219,LTS-A
1220,LTSF
1221,LTSK
1222,LTSL
1223,LVHB
1224,LVHE
1225,LVHI
1226,LVIN
1227,LVL
1228,LVUS
1229,MAB
1230,MAG
1231,MAGA
1232,MBG
1233,MCF
1234,MCRO
1235,MDY
1236,MDYG
1237,MDYV
1238,MEAR
1239,MEXX
1240,MFDX
1241,MFEM
1242,MFUS
1243,MGC
1244,MGK
1245,MGV
1246,MHH
1247,MICR
1248,MIDU
1249,MIDZ
1250,MINC
1251,MINT
1252,MIW
1253,MJ
1254,MJCO
1255,MLN
1256,MLPA
1257,MLPB
1258,MLPC
1259,MLPE
1260,MLPG
1261,MLPI
1262,MLPO
1263,MLPQ
1264,MLPX
1265,MLPY
1266,MLPZ
1267,MLQD
1268,MLSS
1269,MLTI
1270,MMIN
1271,MMIT
1272,MMTM
1273,MMV
1274,MNA
1275,MNI
1276,MOAT
1277,MOC
1278,MOM
1279,MOO
1280,MORL
1281,MORT
1282,MOTI
1283,MRGR
1284,MRRL
1285,MSN
1286,MSUS
1287,MTNB
1288,MTUM
1289,MUB
1290,MUNI
1291,MVIN
1292,MVV
1293,MXC
1294,MXDE
1295,MXDU
1296,MXI
1297,MYO
1298,MYY
1299,MZZ
1300,NACP
1301,NAIL
1302,NAK
1303,NANR
1304,NAVB
1305,NBH
1306,NBO
1307,NBW
1308,NBY
1309,NEAR
1310,NEN
1311,NES
1312,NFA
1313,NFLT
1314,NFO
1315,NFRA
1316,NG
1317,NGD
1318,NGE
1319,NHC
1320,NHS
1321,NIB
1322,NLR
1323,NML
1324,NNVC
1325,NOBL
1326,NOG
1327,NORW
1328,NRO
1329,NSP.W
1330,NSP.X
1331,NSPR
1332,NSU
1333,NTIP
1334,NTN
1335,NTSX
1336,NUAG
1337,NUBD
1338,NUDM
1339,NUEM
1340,NUGT
1341,NULG
1342,NULV
1343,NUMG
1344,NUMV
1345,NURE
1346,NUSA
1347,NUSC
1348,NXE
1349,NYF
1350,NYH
1351,OASI
1352,OBOR
1353,OCIO
1354,OCX
1355,OEF
1356,OEUR
1357,OEW
1358,OGCP
1359,OGEN
1360,OGIG
1361,OIH
1362,OILB
1363,OILD
1364,OILK
1365,OILU
1366,OILX
1367,OLEM
1368,OLO
1369,OMFL
1370,OMFS
1371,OMOM
1372,ONEO
1373,ONEV
1374,ONEY
1375,ONLN
1376,ONTL
1377,OPER
1378,OQAL
1379,ORM
1380,OSCV
1381,OSIZ
1382,OUNZ
1383,OUSA
1384,OUSM
1385,OVLC
1386,OVLU
1387,OVOL
1388,OYLD
1389,PAF
1390,PAK
1391,PALL
1392,PAVE
1393,PBD
1394,PBDM
1395,PBE
1396,PBEE
1397,PBJ
1398,PBND
1399,PBP
1400,PBS
1401,PBSM
1402,PBTP
1403,PBUS
1404,PBW
1405,PCEF
1406,PCG-A
1407,PCG-B
1408,PCG-C
1409,PCG-D
1410,PCG-E
1411,PCG-G
1412,PCG-H
1413,PCG-I
1414,PCY
1415,PDN
1416,PED
1417,PEJ
1418,PEK
1419,PEX
1420,PEXL
1421,PFFA
1422,PFFD
1423,PFFR
1424,PFIG
1425,PFNX
1426,PFXF
1427,PGAL
1428,PGF
1429,PGHY
1430,PGMB
1431,PGX
1432,PHB
1433,PHDG
1434,PHYS
1435,PICB
1436,PICK
1437,PILL
1438,PIN
1439,PJP
1440,PJUL
1441,PKB
1442,PLCY
1443,PLG
1444,PLM
1445,PLND
1446,PLTM
1447,PLX
1448,PLY-A
1449,PLYM
1450,PMR
1451,PPA
1452,PPDM
1453,PPEM
1454,PPLC
1455,PPLN
1456,PPLT
1457,PPMC
1458,PPSC
1459,PPTB
1460,PPTY
1461,PRB
1462,PREF
1463,PRF
1464,PRID
1465,PRK
1466,PRME
1467,PRNT
1468,PSI
1469,PSJ
1470,PSK
1471,PSLV
1472,PSMB
1473,PSMC
1474,PSMG
1475,PSMM
1476,PSP
1477,PSQ
1478,PSR
1479,PST
1480,PTEU
1481,PTLC
1482,PTMC
1483,PTN
1484,PTNQ
1485,PULS
1486,PUTW
1487,PUW
1488,PVI
1489,PW
1490,PW-A
1491,PWB
1492,PWC
1493,PWS
1494,PWV
1495,PWZ
1496,PXE
1497,PXF
1498,PXH
1499,PXJ
1500,PXLG
1501,PXLV
1502,PXMG
1503,PXMV
1504,PXQ
1505,PXR
1506,PXSG
1507,PXSV
1508,PYPE
1509,PZA
1510,PZD
1511,PZG
1512,PZI
1513,PZT
1514,QAI
1515,QARP
1516,QCAN
1517,QDEF
1518,QDEU
1519,QDF
1520,QDIV
1521,QDYN
1522,QED
1523,QEFA
1524,QEMM
1525,QGBR
1526,QGRO
1527,QGTA
1528,QID
1529,QINT
1530,QJPN
1531,QLD
1532,QLS
1533,QLTA
1534,QMN
1535,QMOM
1536,QQQE
1537,QSY
1538,QTUM
1539,QUAL
1540,QUS
1541,QVAL
1542,QVM
1543,QWLD
1544,QXGG
1545,QXMI
1546,QXRR
1547,QXTR
1548,RAAX
1549,RALS
1550,RAVI
1551,RBIN
1552,RBUS
1553,RCD
1554,RCG
1555,RDIV
1556,REDV
1557,REED
1558,REEM
1559,REET
1560,REFA
1561,REGL
1562,REI
1563,REK
1564,REM
1565,REML
1566,REMX
1567,RETL
1568,REW
1569,REZ
1570,RFCI
1571,RFDA
1572,RFFC
1573,RFG
1574,RFL
1575,RFUN
1576,RFV
1577,RGI
1578,RGLB
1579,RHE
1580,RHE-A
1581,RHS
1582,RIDV
1583,RIF
1584,RIGS
1585,RINF
1586,RISE
1587,RJA
1588,RJI
1589,RJN
1590,RJZ
1591,RLG-A
1592,RLGT
1593,RLY
1594,RNN
1595,ROAM
1596,ROBO
1597,RODM
1598,ROGS
1599,ROM
1600,ROOF
1601,RORE
1602,ROUS
1603,ROX
1604,RPG
1605,RPUT
1606,RPV
1607,RSP
1608,RSX
1609,RSXJ
1610,RTH
1611,RTL
1612,RTM
1613,RUSL
1614,RUSS
1615,RVNU
1616,RVP
1617,RVRS
1618,RWJ
1619,RWK
1620,RWL
1621,RWM
1622,RWO
1623,RWR
1624,RWW
1625,RWX
1626,RXD
1627,RXI
1628,RXL
1629,RYE
1630,RYF
1631,RYH
1632,RYJ
1633,RYT
1634,RYU
1635,RZG
1636,RZV
1637,SAA
1638,SACH
1639,SAGG
1640,SAND
1641,SBB
1642,SBIO
1643,SBM
1644,SCAP
1645,SCC
1646,SCE-B
1647,SCE-C
1648,SCE-D
1649,SCE-E
1650,SCHA
1651,SCHB
1652,SCHC
1653,SCHD
1654,SCHE
1655,SCHF
1656,SCHG
1657,SCHH
1658,SCHK
1659,SCHM
1660,SCHO
1661,SCHP
1662,SCHR
1663,SCHV
1664,SCHX
1665,SCHZ
1666,SCID
1667,SCIF
1668,SCIJ
1669,SCIN
1670,SCIU
1671,SCIX
1672,SCJ
1673,SCO
1674,SCTO
1675,SDCI
1676,SDD
1677,SDEM
1678,SDI
1679,SDIV
1680,SDOG
1681,SDOW
1682,SDP
1683,SDPI
1684,SDS
1685,SDY
1686,SDYL
1687,SEA
1688,SEB
1689,SECT
1690,SEF
1691,SENS
1692,SFHY
1693,SFIG
1694,SGB
1695,SGDJ
1696,SGDM
1697,SGGB
1698,SGOL
1699,SH
1700,SHAG
1701,SHE
1702,SHM
1703,SHNY
1704,SHYD
1705,SHYG
1706,SHYL
1707,SIF
1708,SIJ
1709,SIL
1710,SILJ
1711,SILV
1712,SIM
1713,SIVR
1714,SIZ
1715,SIZE
1716,SJB
1717,SJNK
1718,SKF
1719,SLT
1720,SLV
1721,SLVP
1722,SLX
1723,SLY
1724,SLYG
1725,SLYV
1726,SMB
1727,SMDD
1728,SMDV
1729,SMEZ
1730,SMH
1731,SMHD
1732,SMIN
1733,SMLF
1734,SMLL
1735,SMLV
1736,SMMD
1737,SMMU
1738,SMMV
1739,SMN
1740,SMTS
1741,SNMP
1742,SOIL
1743,SOVB
1744,SOXL
1745,SOXS
1746,SOYB
1747,SPAB
1748,SPDN
1749,SPDV
1750,SPDW
1751,SPEM
1752,SPFF
1753,SPHB
1754,SPHD
1755,SPHQ
1756,SPIB
1757,SPLB
1758,SPLG
1759,SPLV
1760,SPMD
1761,SPMO
1762,SPMV
1763,SPPP
1764,SPSB
1765,SPSM
1766,SPTL
1767,SPTM
1768,SPTS
1769,SPUU
1770,SPVM
1771,SPVU
1772,SPXB
1773,SPXE
1774,SPXL
1775,SPXN
1776,SPXS
1777,SPXT
1778,SPXU
1779,SPXV
1780,SPY
1781,SPYB
1782,SPYD
1783,SPYG
1784,SPYV
1785,SPYX
1786,SRCI
1787,SRLN
1788,SRS
1789,SRTY
1790,SRVR
1791,SSG
1792,SSO
1793,SSY
1794,STIP
1795,STOT
1796,STPZ
1797,SUB
1798,SUSA
1799,SVM
1800,SVT
1801,SVXY
1802,SYE
1803,SYG
1804,SYLD
1805,SYN
1806,SYV
1807,SZK
1808,SZNE
1809,SZO
1810,TAGS
1811,TAIL
1812,TAL.W
1813,TAN
1814,TAO
1815,TAT
1816,TAXF
1817,TBF
1818,TBLU
1819,TBT
1820,TBX
1821,TCTL
1822,TDTF
1823,TDTT
1824,TECL
1825,TECS
1826,TERM
1827,TETF
1828,TEUM
1829,TFI
1830,TFIV
1831,TFLO
1832,TFLT
1833,TGB
1834,TGC
1835,THD
1836,THM
1837,TIK
1838,TILT
1839,TIP
1840,TIPX
1841,TIPZ
1842,TIS
1843,TKAT
1844,TLDH
1845,TLEH
1846,TLH
1847,TLTD
1848,TLTE
1849,TMF
1850,TMFC
1851,TMP
1852,TMQ
1853,TMV
1854,TNA
1855,TOK
1856,TOLZ
1857,TOTL
1858,TPHS
1859,TPOR
1860,TPYP
1861,TRT
1862,TRTY
1863,TRX
1864,TRXC
1865,TTAC
1866,TTAI
1867,TTFS
1868,TTT
1869,TUZ
1870,TWM
1871,TYBS
1872,TYD
1873,TYNS
1874,TYO
1875,TZA
1876,UAG
1877,UAMY
1878,UAUD
1879,UAVS
1880,UBG
1881,UBOT
1882,UBR
1883,UBT
1884,UCC
1885,UCHF
1886,UCI
1887,UCIB
1888,UCO
1889,UCON
1890,UDN
1891,UDOW
1892,UEC
1893,UEUR
1894,UEVM
1895,UFAB
1896,UGA
1897,UGAZ
1898,UGBP
1899,UGE
1900,UGL
1901,UHN
1902,UITB
1903,UIVM
1904,UJB
1905,UJPY
1906,UJUL
1907,ULBR
1908,ULE
1909,ULST
1910,ULVM
1911,UMDD
1912,UNG
1913,UNL
1914,UPRO
1915,UPV
1916,UPW
1917,UQM
1918,URA
1919,URE
1920,URG
1921,URR
1922,URTH
1923,URTY
1924,USAG
1925,USAI
1926,USAS
1927,USCI
1928,USD
1929,USDU
1930,USDY
1931,USEQ
1932,USFR
1933,USHY
1934,USL
1935,USMF
1936,USMV
1937,USO
1938,USOD
1939,USOU
1940,USRT
1941,UST
1942,USTB
1943,USV
1944,USVM
1945,UTES
1946,UTG
1947,UTSL
1948,UUP
1949,UUU
1950,UUU.W
1951,UUUU
1952,UVXY
1953,UWM
1954,UWN
1955,UWT
1956,UXI
1957,UYG
1958,UYM
1959,VALQ
1960,VAMO
1961,VAW
1962,VB
1963,VBK
1964,VBND
1965,VBR
1966,VCF
1967,VCR
1968,VDC
1969,VDE
1970,VEA
1971,VEGA
1972,VEGI
1973,VESH
1974,VEU
1975,VFH
1976,VFL
1977,VFLQ
1978,VFMF
1979,VFMO
1980,VFMV
1981,VFQY
1982,VFVA
1983,VGFO
1984,VGK
1985,VGT
1986,VGZ
1987,VHC
1988,VHT
1989,VIDI
1990,VIG
1991,VIOG
1992,VIOO
1993,VIOV
1994,VIS
1995,VISI
1996,VIXM
1997,VIXY
1998,VKI
1999,VLU
2000,VLUE
2001,VMIN
2002,VMM
2003,VMOT
2004,VNLA
2005,VNM
2006,VNQ
2007,VNRX
2008,VO
2009,VOE
2010,VOO
2011,VOOG
2012,VOOV
2013,VOT
2014,VOX
2015,VPL
2016,VPU
2017,VQT
2018,VRP
2019,VSL
2020,VSS
2021,VT
2022,VTEB
2023,VTI
2024,VTV
2025,VUG
2026,VUSE
2027,VV
2028,VWO
2029,VXF
2030,VXX
2031,VXXB
2032,VXZ
2033,VXZB
2034,VYM
2035,WBAL
2036,WBIA
2037,WBIB
2038,WBIC
2039,WBID
2040,WBIE
2041,WBIF
2042,WBIG
2043,WBIH
2044,WBII
2045,WBIL
2046,WBIR
2047,WBIY
2048,WCHN
2049,WDIV
2050,WDRW
2051,WEAT
2052,WFHY
2053,WFIG
2054,WIL
2055,WIP
2056,WLDR
2057,WMCR
2058,WMW
2059,WOMN
2060,WPS
2061,WREI
2062,WRN
2063,WTID
2064,WTIU
2065,WTMF
2066,WTT
2067,WYDE
2068,WYY
2069,XAR
2070,XBI
2071,XCEM
2072,XDIV
2073,XES
2074,XHB
2075,XHE
2076,XHS
2077,XINA
2078,XITK
2079,XKFS
2080,XKII
2081,XKST
2082,XLB
2083,XLC
2084,XLE
2085,XLF
2086,XLG
2087,XLI
2088,XLK
2089,XLP
2090,XLRE
2091,XLU
2092,XLV
2093,XLY
2094,XME
2095,XMLV
2096,XMPT
2097,XMX
2098,XNTK
2099,XOP
2100,XPH
2101,XPL
2102,XPP
2103,XRLV
2104,XRT
2105,XSD
2106,XSHD
2107,XSHQ
2108,XSLV
2109,XSOE
2110,XSW
2111,XTH
2112,XTL
2113,XTN
2114,XTNT
2115,XUSA
2116,XVZ
2117,XWEB
2118,XXII
2119,YANG
2120,YAO
2121,YCL
2122,YCS
2123,YESR
2124,YINN
2125,YLD
2126,YMLI
2127,YMLP
2128,YUMA
2129,YXI
2130,YYY
2131,ZBZX
2132,ZDGE
2133,ZMLP
2134,ZOM
2135,ZROZ
2136,ZSL
2137,ZTST
2138,ZVV
0,AABA
1,AAL
2,AAME
3,AAOI
4,AAON
5,AAPL
6,AAWW
7,AAXJ
8,AAXN
9,ABAC
10,ABCB
11,ABCD
12,ABDC
13,ABEO
14,ABEOW
15,ABIL
16,ABIO
17,ABMD
18,ABTX
19,ABUS
20,ACAD
21,ACBI
22,ACER
23,ACET
24,ACGL
25,ACGLO
26,ACGLP
27,ACHC
28,ACHN
29,ACHV
30,ACIA
31,ACIU
32,ACIW
33,ACLS
34,ACMR
35,ACNB
36,ACOR
37,ACRS
38,ACRX
39,ACSF
40,ACST
41,ACT
42,ACTG
43,ACWI
44,ACWX
45,ACXM
46,ADAP
47,ADBE
48,ADES
49,ADI
50,ADIL
51,ADILW
52,ADMA
53,ADMP
54,ADMS
55,ADOM
56,ADP
57,ADRA
58,ADRD
59,ADRE
60,ADRO
61,ADRU
62,ADSK
63,ADTN
64,ADUS
65,ADVM
66,ADXS
67,ADXSW
68,AEGN
69,AEHR
70,AEIS
71,AEMD
72,AERI
73,AETI
74,AEY
75,AEYE
76,AEZS
77,AFH
78,AFHBL
79,AFIN
80,AFMD
81,AFSI
82,AGEN
83,AGFS
84,AGFSW
85,AGIO
86,AGLE
87,AGMH
88,AGNC
89,AGNCB
90,AGNCN
91,AGND
92,AGRX
93,AGTC
94,AGYS
95,AGZD
96,AHPA
97,AHPAU
98,AHPAW
99,AHPI
100,AIA
101,AIHS
102,AIMC
103,AIMT
104,AINV
105,AIPT
106,AIQ
107,AIRG
108,AIRR
109,AIRT
110,AKAM
111,AKAO
112,AKBA
113,AKCA
114,AKER
115,AKRX
116,AKTS
117,AKTX
118,ALBO
119,ALCO
120,ALDR
121,ALDX
122,ALGN
123,ALGR
124,ALGRR
125,ALGRU
126,ALGRW
127,ALGT
128,ALIM
129,ALJJ
130,ALKS
131,ALLK
132,ALLT
133,ALNA
134,ALNY
135,ALOT
136,ALPN
137,ALQA
138,ALRM
139,ALRN
140,ALSK
141,ALT
142,ALTR
143,ALTY
144,ALXN
145,AMAG
146,AMAL
147,AMAT
148,AMBA
149,AMBC
150,AMBCW
151,AMCA
152,AMCN
153,AMCX
154,AMD
155,AMDA
156,AMED
157,AMEH
158,AMGN
159,AMKR
160,AMMA
161,AMNB
162,AMOT
163,AMPH
164,AMR
165,AMRB
166,AMRH
167,AMRHW
168,AMRK
169,AMRN
170,AMRS
171,AMRWW
172,AMSC
173,AMSF
174,AMSWA
175,AMTD
176,AMTX
177,AMWD
178,AMZN
179,ANAB
180,ANAT
181,ANCB
182,ANCX
183,ANDE
184,ANGI
185,ANGO
186,ANIK
187,ANIP
188,ANSS
189,ANY
190,AOBC
191,AOSL
192,APDN
193,APDNW
194,APEI
195,APEN
196,APLS
197,APOG
198,APOP
199,APPF
200,APPN
201,APPS
202,APRI
203,APTI
204,APTO
205,APTX
206,APVO
207,APWC
208,AQB
209,AQMS
210,AQST
211,AQXP
212,ARAY
213,ARCB
214,ARCC
215,ARCI
216,ARCT
217,ARCW
218,ARDM
219,ARDS
220,ARDX
221,AREX
222,ARGX
223,ARII
224,ARKR
225,ARLP
226,ARLZ
227,ARNA
228,AROW
229,ARPO
230,ARQL
231,ARRS
232,ARRY
233,ARTNA
234,ARTW
235,ARTX
236,ARWR
237,ASCMA
238,ASET
239,ASFI
240,ASLN
241,ASMB
242,ASML
243,ASNA
244,ASND
245,ASNS
246,ASPS
247,ASPU
248,ASRT
249,ASRV
250,ASRVP
251,ASTC
252,ASTE
253,ASUR
254,ASV
255,ASYS
256,ATAC
257,ATACR
258,ATACU
259,ATAI
260,ATAX
261,ATEC
262,ATHN
263,ATHX
264,ATIS
265,ATISW
266,ATLC
267,ATLO
268,ATNI
269,ATNX
270,ATOM
271,ATOS
272,ATRA
273,ATRC
274,ATRI
275,ATRO
276,ATRS
277,ATSG
278,ATTU
279,ATVI
280,ATXI
281,AUBN
282,AUDC
283,AUPH
284,AUTL
285,AUTO
286,AVAV
287,AVDL
288,AVEO
289,AVGO
290,AVGR
291,AVHI
292,AVID
293,AVNW
294,AVRO
295,AVT
296,AVXL
297,AWRE
298,AWSM
299,AXAS
300,AXDX
301,AXGN
302,AXON
303,AXSM
304,AXTI
305,AY
306,AYTU
307,AZPN
308,AZRX
309,BABY
310,BAND
311,BANF
312,BANFP
313,BANR
314,BANX
315,BASI
316,BATRA
317,BATRK
318,BBBY
319,BBGI
320,BBH
321,BBOX
322,BBSI
323,BCAC
324,BCACR
325,BCACU
326,BCACW
327,BCBP
328,BCLI
329,BCML
330,BCNA
331,BCOM
332,BCOR
333,BCOV
334,BCPC
335,BCRX
336,BCTF
337,BDGE
338,BDSI
339,BEAT
340,BECN
341,BELFA
342,BELFB
343,BFIN
344,BFIT
345,BFRA
346,BFST
347,BGCP
348,BGFV
349,BGNE
350,BHAC
351,BHACR
352,BHACU
353,BHACW
354,BHBK
355,BHF
356,BHTG
357,BIB
358,BICK
359,BIDU
360,BIIB
361,BILI
362,BIOC
363,BIOL
364,BIOS
365,BIS
366,BJRI
367,BKCC
368,BKEP
369,BKEPP
370,BKNG
371,BKSC
372,BKYI
373,BL
374,BLBD
375,BLCM
376,BLCN
377,BLDP
378,BLDR
379,BLFS
380,BLIN
381,BLKB
382,BLMN
383,BLMT
384,BLNK
385,BLNKW
386,BLPH
387,BLRX
388,BLUE
389,BMCH
390,BMLP
391,BMRA
392,BMRC
393,BMRN
394,BMTC
395,BNCL
396,BND
397,BNDW
398,BNDX
399,BNFT
400,BNGOU
401,BNSO
402,BNTC
403,BNTCW
404,BOCH
405,BOFI
406,BOFIL
407,BOJA
408,BOKF
409,BOKFL
410,BOLD
411,BOMN
412,BOOM
413,BOSC
414,BOTJ
415,BOTZ
416,BOXL
417,BPFH
418,BPFHW
419,BPMC
420,BPOP
421,BPOPM
422,BPOPN
423,BPR
424,BPRAP
425,BPRN
426,BPTH
427,BPY
428,BRAC
429,BRACR
430,BRACU
431,BRACW
432,BREW
433,BRID
434,BRKL
435,BRKR
436,BRKS
437,BRPA
438,BRPAR
439,BRPAU
440,BRPAW
441,BRQS
442,BRY
443,BSET
444,BSPM
445,BSQR
446,BSRR
447,BSTC
448,BTAI
449,BTEC
450,BURG
451,BUSE
452,BVSN
453,BVXV
454,BVXVW
455,BWB
456,BWEN
457,BWFG
458,BYFC
459,BYSI
460,BZUN
461,CA
462,CAAS
463,CAC
464,CACC
465,CACG
466,CADC
467,CAKE
468,CALA
469,CALI
470,CALL
471,CALM
472,CAMP
473,CAMT
474,CAPR
475,CAR
476,CARA
477,CARB
478,CARG
479,CARO
480,CART
481,CARV
482,CARZ
483,CASA
484,CASH
485,CASI
486,CASM
487,CASS
488,CASY
489,CATB
490,CATC
491,CATH
492,CATM
493,CATS
494,CATY
495,CBAK
496,CBAN
497,CBAY
498,CBFV
499,CBIO
500,CBLI
501,CBLK
502,CBMG
503,CBOE
504,CBPO
505,CBRL
506,CBSH
507,CBSHP
508,CBTX
509,CCB
510,CCBG
511,CCCL
512,CCD
513,CCIH
514,CCLP
515,CCMP
516,CCNE
517,CCNI
518,CCOI
519,CCRC
520,CCRN
521,CCXI
522,CDC
523,CDEV
524,CDK
525,CDL
526,CDLX
527,CDMO
528,CDMOP
529,CDNA
530,CDNS
531,CDTI
532,CDTX
533,CDW
534,CDXC
535,CDXS
536,CDZI
537,CECE
538,CECO
539,CELC
540,CELG
541,CELGZ
542,CELH
543,CEMI
544,CENT
545,CENTA
546,CENX
547,CERC
548,CERCW
549,CERN
550,CERS
551,CETV
552,CETX
553,CETXP
554,CETXW
555,CEVA
556,CEY
557,CEZ
558,CFA
559,CFBI
560,CFBK
561,CFFI
562,CFFN
563,CFMS
564,CFO
565,CFRX
566,CG
567,CGBD
568,CGEN
569,CGIX
570,CGNX
571,CGO
572,CHCI
573,CHCO
574,CHDN
575,CHEF
576,CHEK
577,CHEKW
578,CHEKZ
579,CHFC
580,CHFN
581,CHFS
582,CHI
583,CHKE
584,CHKP
585,CHMA
586,CHMG
587,CHNA
588,CHNR
589,CHRS
590,CHRW
591,CHSCL
592,CHSCM
593,CHSCN
594,CHSCO
595,CHSCP
596,CHTR
597,CHUY
598,CHW
599,CHY
600,CIBR
601,CID
602,CIDM
603,CIFS
604,CIGI
605,CIL
606,CINF
607,CIVB
608,CIVBP
609,CIZ
610,CIZN
611,CJJD
612,CKPT
613,CLAR
614,CLBK
615,CLBS
616,CLCT
617,CLDC
618,CLDX
619,CLFD
620,CLGN
621,CLIR
622,CLIRW
623,CLLS
624,CLMT
625,CLNE
626,CLPS
627,CLRB
628,CLRBW
629,CLRBZ
630,CLRG
631,CLRO
632,CLSD
633,CLSN
634,CLUB
635,CLVS
636,CLWT
637,CLXT
638,CMCO
639,CMCSA
640,CMCT
641,CME
642,CMFN
643,CMFNL
644,CMLS
645,CMPR
646,CMRX
647,CMSS
648,CMSSR
649,CMSSU
650,CMSSW
651,CMTA
652,CMTL
653,CNAC
654,CNACR
655,CNACU
656,CNACW
657,CNAT
658,CNBKA
659,CNCE
660,CNCR
661,CNET
662,CNFR
663,CNMD
664,CNOB
665,CNSL
666,CNST
667,CNTF
668,CNTY
669,CNXN
670,COBZ
671,COCP
672,CODA
673,CODX
674,COHR
675,COHU
676,COKE
677,COLB
678,COLL
679,COLM
680,COMM
681,COMT
682,CONE
683,CONN
684,COOL
685,CORE
686,CORI
687,CORT
688,CORV
689,COST
690,COUP
691,COWN
692,COWNL
693,COWNZ
694,CPAH
695,CPHC
696,CPIX
697,CPLP
698,CPRT
699,CPRX
700,CPSH
701,CPSI
702,CPSS
703,CPST
704,CPTA
705,CPTAG
706,CPTAL
707,CRAI
708,CRAY
709,CRBP
710,CREE
711,CREG
712,CRESY
713,CRIS
714,CRMT
715,CRNT
716,CRNX
717,CRON
718,CROX
719,CRSP
720,CRTO
721,CRUS
722,CRVL
723,CRVS
724,CRWS
725,CRZO
726,CSA
727,CSB
728,CSBR
729,CSCO
730,CSF
731,CSFL
732,CSGP
733,CSGS
734,CSII
735,CSIQ
736,CSML
737,CSOD
738,CSPI
739,CSQ
740,CSSE
741,CSSEP
742,CSTE
743,CSTR
744,CSWC
745,CSWCL
746,CSWI
747,CSX
748,CTAS
749,CTBI
750,CTG
751,CTHR
752,CTIB
753,CTIC
754,CTMX
755,CTRE
756,CTRL
757,CTRN
758,CTRP
759,CTRV
760,CTSH
761,CTSO
762,CTWS
763,CTXR
764,CTXRW
765,CTXS
766,CUBA
767,CUE
768,CUI
769,CUR
770,CUTR
771,CVBF
772,CVCO
773,CVCY
774,CVGI
775,CVGW
776,CVLT
777,CVLY
778,CVON
779,CVTI
780,CVV
781,CWAY
782,CWBC
783,CWBR
784,CWCO
785,CWST
786,CXDC
787,CXSE
788,CY
789,CYAD
790,CYAN
791,CYBE
792,CYBR
793,CYCC
794,CYCCP
795,CYHHZ
796,CYOU
797,CYRN
798,CYRX
799,CYRXW
800,CYTK
801,CYTR
802,CYTX
803,CYTXW
804,CYTXZ
805,CZFC
806,CZNC
807,CZR
808,CZWI
809,DAIO
810,DAKT
811,DALI
812,DARE
813,DAVE
814,DAX
815,DBVT
816,DBX
817,DCAR
818,DCIX
819,DCOM
820,DCPH
821,DDBI
822,DDIV
823,DELT
824,DENN
825,DERM
826,DEST
827,DFBG
828,DFBH
829,DFBHU
830,DFBHW
831,DFFN
832,DFNL
833,DFRG
834,DFVS
835,DGICA
836,DGICB
837,DGII
838,DGLD
839,DGLY
840,DGRE
841,DGRS
842,DGRW
843,DHIL
844,DHXM
845,DINT
846,DIOD
847,DISCA
848,DISCB
849,DISCK
850,DISH
851,DJCO
852,DLBS
853,DLHC
854,DLPN
855,DLPNW
856,DLTH
857,DLTR
858,DMLP
859,DMPI
860,DMRC
861,DNBF
862,DNJR
863,DNKN
864,DNLI
865,DOCU
866,DOGZ
867,DOMO
868,DORM
869,DOTA
870,DOTAR
871,DOTAU
872,DOTAW
873,DOVA
874,DOX
875,DRAD
876,DRIO
877,DRIOW
878,DRIV
879,DRNA
880,DRRX
881,DRYS
882,DSGX
883,DSKE
884,DSKEW
885,DSLV
886,DSPG
887,DSWL
888,DTEA
889,DTRM
890,DTUS
891,DTYL
892,DTYS
893,DUSA
894,DVAX
895,DVCR
896,DVLU
897,DVOL
898,DVY
899,DWAQ
900,DWAS
901,DWAT
902,DWCH
903,DWCR
904,DWFI
905,DWIN
906,DWLD
907,DWLV
908,DWMC
909,DWPP
910,DWSH
911,DWSN
912,DWTR
913,DXCM
914,DXGE
915,DXJS
916,DXLG
917,DXPE
918,DXYN
919,DYNT
920,DYSL
921,DZSI
922,EA
923,EACQ
924,EACQW
925,EAGL
926,EAGLU
927,EAGLW
928,EARS
929,EAST
930,EASTW
931,EBAY
932,EBAYL
933,EBIX
934,EBMT
935,EBSB
936,EBTC
937,ECHO
938,ECOL
939,ECOR
940,ECPG
941,ECYT
942,EDAP
943,EDBI
944,EDGE
945,EDGW
946,EDIT
947,EDRY
948,EDUC
949,EEFT
950,EEI
951,EEMA
952,EFAS
953,EFBI
954,EFII
955,EFOI
956,EFSC
957,EGAN
958,EGBN
959,EGC
960,EGLE
961,EGLT
962,EGOV
963,EGRX
964,EHTH
965,EIDX
966,EIGI
967,EIGR
968,EKSO
969,ELGX
970,ELON
971,ELOX
972,ELSE
973,ELTK
974,EMB
975,EMCB
976,EMCF
977,EMCG
978,EMCI
979,EMIF
980,EMITF
981,EMKR
982,EML
983,EMMS
984,EMXC
985,ENDP
986,ENFC
987,ENG
988,ENPH
989,ENSG
990,ENT
991,ENTA
992,ENTG
993,ENTX
994,ENTXW
995,ENZL
996,EOLS
997,EPAY
998,EPIX
999,EPZM
1000,EQBK
1001,EQFN
1002,EQIX
1003,EQRR
1004,ERI
1005,ERIC
1006,ERIE
1007,ERII
1008,ERYP
1009,ESBK
1010,ESCA
1011,ESEA
1012,ESES
1013,ESG
1014,ESGD
1015,ESGE
1016,ESGG
1017,ESGR
1018,ESGRP
1019,ESGU
1020,ESIO
1021,ESLT
1022,ESND
1023,ESPR
1024,ESQ
1025,ESRX
1026,ESSA
1027,ESTA
1028,ESTR
1029,ESTRW
1030,ESXB
1031,ETFC
1032,ETSY
1033,EUFN
1034,EVBG
1035,EVER
1036,EVFM
1037,EVGBC
1038,EVGN
1039,EVK
1040,EVLMC
1041,EVLO
1042,EVLV
1043,EVOK
1044,EVOL
1045,EVOP
1046,EWBC
1047,EWZS
1048,EXAS
1049,EXEL
1050,EXFO
1051,EXLS
1052,EXPD
1053,EXPE
1054,EXPI
1055,EXPO
1056,EXTR
1057,EYE
1058,EYEG
1059,EYEGW
1060,EYEN
1061,EYES
1062,EYESW
1063,EYPT
1064,EZPW
1065,FAAR
1066,FAB
1067,FAD
1068,FALN
1069,FAMI
1070,FANG
1071,FANH
1072,FARM
1073,FARO
1074,FAST
1075,FAT
1076,FATE
1077,FB
1078,FBIO
1079,FBIOP
1080,FBIZ
1081,FBMS
1082,FBNC
1083,FBNK
1084,FBSS
1085,FBZ
1086,FCA
1087,FCAL
1088,FCAN
1089,FCAP
1090,FCBC
1091,FCBP
1092,FCCO
1093,FCCY
1094,FCEF
1095,FCEL
1096,FCNCA
1097,FCSC
1098,FCVT
1099,FDBC
1100,FDEF
1101,FDIV
1102,FDT
1103,FDTS
1104,FDUS
1105,FDUSL
1106,FEIM
1107,FELE
1108,FEM
1109,FEMB
1110,FEMS
1111,FENC
1112,FEP
1113,FEUZ
1114,FEX
1115,FEYE
1116,FFBC
1117,FFBW
1118,FFHL
1119,FFIC
1120,FFIN
1121,FFIV
1122,FFKT
1123,FFNW
1124,FFWM
1125,FGBI
1126,FGEN
1127,FGM
1128,FHB
1129,FHK
1130,FIBK
1131,FID
1132,FINX
1133,FISI
1134,FISV
1135,FITB
1136,FITBI
1137,FIVE
1138,FIVN
1139,FIXD
1140,FIXX
1141,FIZZ
1142,FJP
1143,FKO
1144,FKU
1145,FLAT
1146,FLDM
1147,FLEX
1148,FLGT
1149,FLIC
1150,FLIR
1151,FLKS
1152,FLL
1153,FLMN
1154,FLMNW
1155,FLN
1156,FLNT
1157,FLWS
1158,FLXN
1159,FLXS
1160,FMAO
1161,FMB
1162,FMBH
1163,FMBI
1164,FMCI
1165,FMCIU
1166,FMCIW
1167,FMHI
1168,FMK
1169,FMNB
1170,FNCB
1171,FNHC
1172,FNJN
1173,FNK
1174,FNKO
1175,FNLC
1176,FNSR
1177,FNWB
1178,FNX
1179,FNY
1180,FOCS
1181,FOLD
1182,FOMX
1183,FONE
1184,FONR
1185,FORD
1186,FORK
1187,FORM
1188,FORR
1189,FORTY
1190,FOSL
1191,FOX
1192,FOXA
1193,FOXF
1194,FPA
1195,FPAY
1196,FPRX
1197,FPXI
1198,FRAN
1199,FRBA
1200,FRBK
1201,FRED
1202,FRGI
1203,FRME
1204,FRPH
1205,FRPT
1206,FRSH
1207,FRSX
1208,FRTA
1209,FSAC
1210,FSACU
1211,FSACW
1212,FSBC
1213,FSBW
1214,FSCT
1215,FSFG
1216,FSLR
1217,FSNN
1218,FSTR
1219,FSV
1220,FSZ
1221,FTA
1222,FTAG
1223,FTC
1224,FTCS
1225,FTD
1226,FTEK
1227,FTEO
1228,FTFT
1229,FTGC
1230,FTHI
1231,FTLB
1232,FTNT
1233,FTR
1234,FTRI
1235,FTSL
1236,FTSM
1237,FTSV
1238,FTXD
1239,FTXG
1240,FTXH
1241,FTXL
1242,FTXN
1243,FTXO
1244,FTXR
1245,FULT
1246,FUNC
1247,FUND
1248,FUSB
1249,FUV
1250,FV
1251,FVC
1252,FVE
1253,FWONA
1254,FWONK
1255,FWP
1256,FWRD
1257,FYC
1258,FYT
1259,FYX
1260,GABC
1261,GAIA
1262,GAIN
1263,GAINL
1264,GAINM
1265,GAINN
1266,GAINO
1267,GALT
1268,GARS
1269,GASS
1270,GBCI
1271,GBDC
1272,GBLI
1273,GBLIL
1274,GBLIZ
1275,GBNK
1276,GBT
1277,GCBC
1278,GCVRZ
1279,GDEN
1280,GDS
1281,GEC
1282,GECC
1283,GECCL
1284,GECCM
1285,GEMP
1286,GENC
1287,GENE
1288,GENY
1289,GEOS
1290,GERN
1291,GEVO
1292,GFED
1293,GFN
1294,GFNCP
1295,GFNSL
1296,GGAL
1297,GHDX
1298,GIFI
1299,GIGM
1300,GIII
1301,GILD
1302,GILT
1303,GLAC
1304,GLACR
1305,GLACU
1306,GLACW
1307,GLAD
1308,GLADN
1309,GLBS
1310,GLBZ
1311,GLDD
1312,GLDI
1313,GLG
1314,GLIBA
1315,GLIBP
1316,GLMD
1317,GLNG
1318,GLPG
1319,GLPI
1320,GLRE
1321,GLUU
1322,GLYC
1323,GMLP
1324,GMLPP
1325,GNBC
1326,GNCA
1327,GNMA
1328,GNMK
1329,GNMX
1330,GNPX
1331,GNRX
1332,GNTX
1333,GNTY
1334,GNUS
1335,GOGL
1336,GOGO
1337,GOLD
1338,GOOD
1339,GOODM
1340,GOODO
1341,GOODP
1342,GOOG
1343,GOOGL
1344,GOV
1345,GOVNI
1346,GPAQ
1347,GPAQU
1348,GPAQW
1349,GPIC
1350,GPOR
1351,GPP
1352,GPRE
1353,GPRO
1354,GRBK
1355,GRFS
1356,GRID
1357,GRIF
1358,GRIN
1359,GRMN
1360,GRNQ
1361,GROW
1362,GRPN
1363,GRSHU
1364,GRVY
1365,GSBC
1366,GSHD
1367,GSHT
1368,GSHTU
1369,GSHTW
1370,GSIT
1371,GSKY
1372,GSM
1373,GSUM
1374,GSVC
1375,GT
1376,GTHX
1377,GTIM
1378,GTLS
1379,GTXI
1380,GTYH
1381,GTYHU
1382,GTYHW
1383,GULF
1384,GURE
1385,GVP
1386,GWGH
1387,GWPH
1388,GWRS
1389,GYRO
1390,HA
1391,HABT
1392,HAFC
1393,HAIN
1394,HAIR
1395,HALL
1396,HALO
1397,HAS
1398,HAYN
1399,HBAN
1400,HBANN
1401,HBANO
1402,HBCP
1403,HBIO
1404,HBK
1405,HBMD
1406,HBNC
1407,HBP
1408,HCAP
1409,HCAPZ
1410,HCCH
1411,HCCHR
1412,HCCHU
1413,HCCHW
1414,HCCI
1415,HCKT
1416,HCM
1417,HCSG
1418,HDP
1419,HDS
1420,HDSN
1421,HEAR
1422,HEBT
1423,HEES
1424,HELE
1425,HEWG
1426,HFBC
1427,HFBL
1428,HFFG
1429,HFWA
1430,HGSH
1431,HIBB
1432,HIFS
1433,HIHO
1434,HIIQ
1435,HIMX
1436,HJLI
1437,HJLIW
1438,HLG
1439,HLIT
1440,HLNE
1441,HMHC
1442,HMNF
1443,HMNY
1444,HMST
1445,HMSY
1446,HMTA
1447,HMTV
1448,HNDL
1449,HNNA
1450,HNRG
1451,HOFT
1452,HOLI
1453,HOLX
1454,HOMB
1455,HONE
1456,HOPE
1457,HOVNP
1458,HPJ
1459,HPT
1460,HQCL
1461,HQY
1462,HRTX
1463,HRZN
1464,HSDT
1465,HSGX
1466,HSIC
1467,HSII
1468,HSKA
1469,HSON
1470,HSTM
1471,HTBI
1472,HTBK
1473,HTBX
1474,HTGM
1475,HTHT
1476,HTLD
1477,HTLF
1478,HUBG
1479,HUNT
1480,HUNTU
1481,HUNTW
1482,HURC
1483,HURN
1484,HVBC
1485,HWBK
1486,HWC
1487,HWCC
1488,HWCPL
1489,HWKN
1490,HX
1491,HYAC
1492,HYACU
1493,HYACW
1494,HYGS
1495,HYLS
1496,HYND
1497,HYRE
1498,HYXE
1499,HYZD
1500,HZNP
1501,IAC
1502,IAM
1503,IAMXR
1504,IAMXW
1505,IART
1506,IBB
1507,IBCP
1508,IBKC
1509,IBKCO
1510,IBKCP
1511,IBKR
1512,IBOC
1513,IBTX
1514,IBUY
1515,ICAD
1516,ICBK
1517,ICCC
1518,ICCH
1519,ICFI
1520,ICHR
1521,ICLK
1522,ICLN
1523,ICLR
1524,ICON
1525,ICPT
1526,ICUI
1527,IDCC
1528,IDLB
1529,IDRA
1530,IDSA
1531,IDSY
1532,IDTI
1533,IDXG
1534,IDXX
1535,IEA
1536,IEAWW
1537,IEF
1538,IEI
1539,IEP
1540,IESC
1541,IEUS
1542,IFEU
1543,IFGL
1544,IFMK
1545,IFRX
1546,IFV
1547,IGF
1548,IGIB
1549,IGLD
1550,IGOV
1551,IGSB
1552,III
1553,IIIN
1554,IIIV
1555,IIJI
1556,IIN
1557,IIVI
1558,IJT
1559,IKNX
1560,ILG
1561,ILMN
1562,ILPT
1563,IMDZ
1564,IMGN
1565,IMI
1566,IMKTA
1567,IMMP
1568,IMMR
1569,IMMU
1570,IMMY
1571,IMNP
1572,IMOS
1573,IMPV
1574,IMRN
1575,IMRNW
1576,IMTE
1577,IMV
1578,IMXI
1579,IMXIW
1580,INAP
1581,INBK
1582,INBKL
1583,INCY
1584,INDB
1585,INDU
1586,INDUU
1587,INDUW
1588,INDY
1589,INFI
1590,INFN
1591,INFO
1592,INFR
1593,INGN
1594,INNT
1595,INO
1596,INOD
1597,INOV
1598,INPX
1599,INSE
1600,INSG
1601,INSM
1602,INSY
1603,INTC
1604,INTG
1605,INTL
1606,INTU
1607,INTX
1608,INVA
1609,INVE
1610,INWK
1611,IONS
1612,IOSP
1613,IOTS
1614,IOVA
1615,IPAR
1616,IPAS
1617,IPCI
1618,IPDN
1619,IPGP
1620,IPHS
1621,IPIC
1622,IPKW
1623,IPWR
1624,IQ
1625,IRBT
1626,IRCP
1627,IRDM
1628,IRDMB
1629,IRIX
1630,IRMD
1631,IROQ
1632,IRTC
1633,IRWD
1634,ISBC
1635,ISCA
1636,ISHG
1637,ISIG
1638,ISNS
1639,ISRG
1640,ISRL
1641,ISSC
1642,ISTB
1643,ISTR
1644,ITCI
1645,ITI
1646,ITIC
1647,ITRI
1648,ITRM
1649,ITRN
1650,ITUS
1651,IUS
1652,IUSB
1653,IUSG
1654,IUSV
1655,IVAC
1656,IVFVC
1657,IVTY
1658,IXUS
1659,IZEA
1660,JACK
1661,JAGX
1662,JAKK
1663,JASN
1664,JASNW
1665,JAZZ
1666,JBHT
1667,JBLU
1668,JBSS
1669,JCOM
1670,JCS
1671,JCTCF
1672,JD
1673,JG
1674,JJSF
1675,JKHY
1676,JKI
1677,JMBA
1678,JMU
1679,JNCE
1680,JOBS
1681,JOUT
1682,JRJC
1683,JRSH
1684,JRVR
1685,JSM
1686,JSMD
1687,JSML
1688,JSYN
1689,JSYNR
1690,JSYNU
1691,JSYNW
1692,JTPY
1693,JVA
1694,JYNT
1695,KAAC
1696,KAACU
1697,KAACW
1698,KALA
1699,KALU
1700,KALV
1701,KANG
1702,KBAL
1703,KBLM
1704,KBLMR
1705,KBLMU
1706,KBLMW
1707,KBSF
1708,KBWB
1709,KBWD
1710,KBWP
1711,KBWR
1712,KBWY
1713,KCAP
1714,KCAPL
1715,KE
1716,KELYA
1717,KELYB
1718,KEQU
1719,KERX
1720,KEYW
1721,KFFB
1722,KFRC
1723,KGJI
1724,KHC
1725,KIDS
1726,KIN
1727,KINS
1728,KIRK
1729,KLAC
1730,KLIC
1731,KLXEV
1732,KLXI
1733,KLXIV
1734,KMDA
1735,KMPH
1736,KNDI
1737,KNSA
1738,KNSL
1739,KONA
1740,KONE
1741,KOOL
1742,KOPN
1743,KOSS
1744,KPTI
1745,KRMA
1746,KRNT
1747,KRNY
1748,KRYS
1749,KTCC
1750,KTOS
1751,KTOV
1752,KTOVW
1753,KTWO
1754,KURA
1755,KVHI
1756,KZIA
1757,KZR
1758,LABL
1759,LACQ
1760,LACQU
1761,LAKE
1762,LALT
1763,LAMR
1764,LANC
1765,LAND
1766,LANDP
1767,LARK
1768,LASR
1769,LAUR
1770,LAWS
1771,LAZY
1772,LBAI
1773,LBC
1774,LBRDA
1775,LBRDK
1776,LBTYA
1777,LBTYB
1778,LBTYK
1779,LCA
1780,LCAHU
1781,LCAHW
1782,LCNB
1783,LCUT
1784,LDRI
1785,LE
1786,LECO
1787,LEDS
1788,LEGR
1789,LENS
1790,LEVL
1791,LEXEA
1792,LEXEB
1793,LFAC
1794,LFACU
1795,LFACW
1796,LFUS
1797,LFVN
1798,LGCY
1799,LGCYO
1800,LGCYP
1801,LGIH
1802,LGND
1803,LHCG
1804,LIFE
1805,LILA
1806,LILAK
1807,LINC
1808,LIND
1809,LINDW
1810,LINK
1811,LION
1812,LITE
1813,LIVE
1814,LIVN
1815,LIVX
1816,LJPC
1817,LKFN
1818,LKOR
1819,LKQ
1820,LLIT
1821,LLNW
1822,LMAT
1823,LMB
1824,LMBS
1825,LMFA
1826,LMFAW
1827,LMNR
1828,LMNX
1829,LMRK
1830,LMRKN
1831,LMRKO
1832,LMRKP
1833,LMST
1834,LNDC
1835,LNGR
1836,LNTH
1837,LOACU
1838,LOAN
1839,LOB
1840,LOCO
1841,LOGI
1842,LOGM
1843,LONE
1844,LOOP
1845,LOPE
1846,LORL
1847,LOVE
1848,LOXO
1849,LPCN
1850,LPLA
1851,LPNT
1852,LPSN
1853,LPTH
1854,LPTX
1855,LQDA
1856,LQDT
1857,LRAD
1858,LRCX
1859,LRGE
1860,LSBK
1861,LSCC
1862,LSTR
1863,LSXMA
1864,LSXMB
1865,LSXMK
1866,LTBR
1867,LTRPA
1868,LTRPB
1869,LTRX
1870,LTXB
1871,LULU
1872,LUNA
1873,LVHD
1874,LWAY
1875,LX
1876,LXRX
1877,LYL
1878,LYTS
1879,MACK
1880,MAGS
1881,MAMS
1882,MANH
1883,MANT
1884,MAR
1885,MARA
1886,MARK
1887,MARPS
1888,MASI
1889,MAT
1890,MATW
1891,MAYS
1892,MB
1893,MBB
1894,MBCN
1895,MBFI
1896,MBFIO
1897,MBII
1898,MBIN
1899,MBIO
1900,MBNAA
1901,MBNAB
1902,MBOT
1903,MBRX
1904,MBSD
1905,MBTF
1906,MBUU
1907,MBVX
1908,MBWM
1909,MCBC
1910,MCEF
1911,MCEP
1912,MCFT
1913,MCHI
1914,MCHP
1915,MCHX
1916,MCRB
1917,MCRI
1918,MDB
1919,MDCA
1920,MDCO
1921,MDGL
1922,MDGS
1923,MDGSW
1924,MDIV
1925,MDLZ
1926,MDRX
1927,MDSO
1928,MDWD
1929,MDXG
1930,MEDP
1931,MEET
1932,MEIP
1933,MELI
1934,MELR
1935,MEOH
1936,MERC
1937,MESA
1938,MESO
1939,METC
1940,MFIN
1941,MFINL
1942,MFNC
1943,MFSF
1944,MGEE
1945,MGEN
1946,MGI
1947,MGIC
1948,MGLN
1949,MGNX
1950,MGPI
1951,MGRC
1952,MGTA
1953,MGTX
1954,MGYR
1955,MHLD
1956,MICT
1957,MIDD
1958,MIK
1959,MILN
1960,MIME
1961,MIND
1962,MINDP
1963,MINI
1964,MITK
1965,MITL
1966,MKGI
1967,MKSI
1968,MKTX
1969,MLAB
1970,MLCO
1971,MLHR
1972,MLNT
1973,MLNX
1974,MLVF
1975,MMAC
1976,MMDM
1977,MMDMR
1978,MMDMU
1979,MMDMW
1980,MMLP
1981,MMSI
1982,MMYT
1983,MNDO
1984,MNGA
1985,MNKD
1986,MNLO
1987,MNOV
1988,MNRO
1989,MNST
1990,MNTA
1991,MNTX
1992,MOBL
1993,MOFG
1994,MOGO
1995,MOMO
1996,MOR
1997,MORN
1998,MOSY
1999,MOTS
2000,MOXC
2001,MPAA
2002,MPAC
2003,MPACU
2004,MPACW
2005,MPB
2006,MPCT
2007,MPVD
2008,MPWR
2009,MRAM
2010,MRBK
2011,MRCC
2012,MRCY
2013,MRIN
2014,MRLN
2015,MRNS
2016,MRSN
2017,MRTN
2018,MRTX
2019,MRUS
2020,MRVL
2021,MSBF
2022,MSBI
2023,MSEX
2024,MSFT
2025,MSON
2026,MSTR
2027,MSVB
2028,MTBC
2029,MTBCP
2030,MTCH
2031,MTEC
2032,MTECU
2033,MTECW
2034,MTEM
2035,MTEX
2036,MTFB
2037,MTFBW
2038,MTGE
2039,MTGEP
2040,MTLS
2041,MTP
2042,MTRX
2043,MTSC
2044,MTSI
2045,MTSL
2046,MU
2047,MUDS
2048,MUDSU
2049,MUDSW
2050,MVBF
2051,MVIS
2052,MXIM
2053,MXWL
2054,MYFW
2055,MYGN
2056,MYL
2057,MYND
2058,MYNDW
2059,MYOK
2060,MYOS
2061,MYRG
2062,MYSZ
2063,MZOR
2064,NAII
2065,NAKD
2066,NANO
2067,NAOV
2068,NATH
2069,NATI
2070,NATR
2071,NAUH
2072,NAVG
2073,NAVI
2074,NBEV
2075,NBIX
2076,NBN
2077,NBRV
2078,NBTB
2079,NCBS
2080,NCMI
2081,NCNA
2082,NCOM
2083,NCSM
2084,NCTY
2085,NDAQ
2086,NDLS
2087,NDRA
2088,NDRAW
2089,NDSN
2090,NEBU
2091,NEBUU
2092,NEBUW
2093,NEO
2094,NEOG
2095,NEON
2096,NEOS
2097,NEPT
2098,NERV
2099,NESR
2100,NESRW
2101,NETE
2102,NEWA
2103,NEWT
2104,NEWTI
2105,NEWTZ
2106,NEXT
2107,NFBK
2108,NFEC
2109,NFLX
2110,NFTY
2111,NGHC
2112,NGHCN
2113,NGHCO
2114,NGHCP
2115,NGHCZ
2116,NH
2117,NHLD
2118,NHTC
2119,NICE
2120,NICK
2121,NIHD
2122,NITE
2123,NK
2124,NKSH
2125,NKTR
2126,NLNK
2127,NLST
2128,NMIH
2129,NMRD
2130,NMRK
2131,NNBR
2132,NNDM
2133,NODK
2134,NOVN
2135,NOVT
2136,NRC
2137,NRIM
2138,NSEC
2139,NSIT
2140,NSSC
2141,NSTG
2142,NSYS
2143,NTAP
2144,NTCT
2145,NTEC
2146,NTES
2147,NTGN
2148,NTGR
2149,NTIC
2150,NTLA
2151,NTNX
2152,NTRA
2153,NTRI
2154,NTRP
2155,NTRS
2156,NTRSP
2157,NTWK
2158,NUAN
2159,NURO
2160,NUROW
2161,NUVA
2162,NVAX
2163,NVCN
2164,NVCR
2165,NVDA
2166,NVEC
2167,NVEE
2168,NVFY
2169,NVIV
2170,NVLN
2171,NVMI
2172,NVMM
2173,NVTR
2174,NVUS
2175,NWBI
2176,NWFL
2177,NWLI
2178,NWPX
2179,NWS
2180,NWSA
2181,NXEO
2182,NXEOU
2183,NXEOW
2184,NXGN
2185,NXPI
2186,NXST
2187,NXTD
2188,NXTDW
2189,NXTM
2190,NYMT
2191,NYMTN
2192,NYMTO
2193,NYMTP
2194,NYMX
2195,NYNY
2196,OASM
2197,OBAS
2198,OBCI
2199,OBLN
2200,OBNK
2201,OBSV
2202,OCC
2203,OCFC
2204,OCLR
2205,OCSI
2206,OCSL
2207,OCSLL
2208,OCUL
2209,ODFL
2210,ODP
2211,ODT
2212,OESX
2213,OFED
2214,OFIX
2215,OFLX
2216,OFS
2217,OFSSL
2218,OHAI
2219,OHGI
2220,OHRP
2221,OIIM
2222,OKDCC
2223,OKTA
2224,OLBK
2225,OLD
2226,OLED
2227,OLLI
2228,OMAB
2229,OMCL
2230,OMED
2231,OMER
2232,OMEX
2233,ON
2234,ONB
2235,ONCE
2236,ONCS
2237,ONCY
2238,ONEQ
2239,ONS
2240,ONSIW
2241,ONTX
2242,ONTXW
2243,ONVO
2244,OPB
2245,OPBK
2246,OPES
2247,OPESU
2248,OPESW
2249,OPGN
2250,OPGNW
2251,OPHC
2252,OPHT
2253,OPK
2254,OPNT
2255,OPOF
2256,OPRA
2257,OPRX
2258,OPTN
2259,OPTT
2260,ORBC
2261,ORBK
2262,ORG
2263,ORGS
2264,ORIG
2265,ORIT
2266,ORLY
2267,ORMP
2268,ORPN
2269,ORRF
2270,OSBC
2271,OSBCP
2272,OSIR
2273,OSIS
2274,OSN
2275,OSPN
2276,OSPR
2277,OSPRU
2278,OSPRW
2279,OSS
2280,OSTK
2281,OSUR
2282,OTEL
2283,OTEX
2284,OTIC
2285,OTIV
2286,OTTR
2287,OTTW
2288,OVAS
2289,OVBC
2290,OVID
2291,OVLY
2292,OXBR
2293,OXFD
2294,OXLC
2295,OXLCM
2296,OXLCO
2297,OXSQ
2298,OXSQL
2299,OZK
2300,PAAS
2301,PACB
2302,PACQ
2303,PACQU
2304,PACQW
2305,PACW
2306,PAGG
2307,PAHC
2308,PANL
2309,PATI
2310,PATK
2311,PAVM
2312,PAVMW
2313,PAVMZ
2314,PAYX
2315,PBBI
2316,PBCT
2317,PBCTP
2318,PBHC
2319,PBIP
2320,PBPB
2321,PBSK
2322,PBYI
2323,PCAR
2324,PCB
2325,PCH
2326,PCMI
2327,PCOM
2328,PCRX
2329,PCSB
2330,PCTI
2331,PCTY
2332,PCYG
2333,PCYO
2334,PDBC
2335,PDCE
2336,PDCO
2337,PDD
2338,PDEX
2339,PDFS
2340,PDLB
2341,PDLI
2342,PDP
2343,PDVW
2344,PEBK
2345,PEBO
2346,PEGA
2347,PEGI
2348,PEIX
2349,PENN
2350,PEP
2351,PERI
2352,PERY
2353,PESI
2354,PETQ
2355,PETS
2356,PETX
2357,PETZ
2358,PETZC
2359,PEY
2360,PEZ
2361,PFBC
2362,PFBI
2363,PFF
2364,PFG
2365,PFI
2366,PFIE
2367,PFIN
2368,PFIS
2369,PFLT
2370,PFM
2371,PFMT
2372,PFPT
2373,PFSW
2374,PGC
2375,PGJ
2376,PGLC
2377,PGNX
2378,PHII
2379,PHIIK
2380,PHO
2381,PI
2382,PICO
2383,PID
2384,PIE
2385,PIH
2386,PIHPP
2387,PINC
2388,PIO
2389,PIRS
2390,PIXY
2391,PIZ
2392,PKBK
2393,PKOH
2394,PKW
2395,PLAB
2396,PLAY
2397,PLBC
2398,PLCE
2399,PLLL
2400,PLPC
2401,PLSE
2402,PLUG
2403,PLUS
2404,PLW
2405,PLXP
2406,PLXS
2407,PLYA
2408,PMBC
2409,PMD
2410,PME
2411,PMOM
2412,PMPT
2413,PMTS
2414,PNBK
2415,PNFP
2416,PNK
2417,PNNT
2418,PNQI
2419,PNRG
2420,PNTR
2421,PODD
2422,POLA
2423,POOL
2424,POPE
2425,POWI
2426,POWL
2427,PPBI
2428,PPC
2429,PPH
2430,PPIH
2431,PPSI
2432,PRAA
2433,PRAH
2434,PRAN
2435,PRCP
2436,PRFT
2437,PRFZ
2438,PRGS
2439,PRGX
2440,PRIM
2441,PRKR
2442,PRMW
2443,PRN
2444,PROV
2445,PRPH
2446,PRPL
2447,PRPLW
2448,PRPO
2449,PRQR
2450,PRSC
2451,PRSS
2452,PRTA
2453,PRTH
2454,PRTHU
2455,PRTHW
2456,PRTK
2457,PRTO
2458,PRTS
2459,PRVB
2460,PS
2461,PSAU
2462,PSC
2463,PSCC
2464,PSCD
2465,PSCE
2466,PSCF
2467,PSCH
2468,PSCI
2469,PSCM
2470,PSCT
2471,PSCU
2472,PSDO
2473,PSEC
2474,PSET
2475,PSL
2476,PSMT
2477,PSTI
2478,PTC
2479,PTCT
2480,PTEN
2481,PTF
2482,PTGX
2483,PTH
2484,PTI
2485,PTIE
2486,PTLA
2487,PTNR
2488,PTSI
2489,PTVCA
2490,PTVCB
2491,PTX
2492,PUB
2493,PUI
2494,PULM
2495,PVAC
2496,PVAL
2497,PVBC
2498,PWOD
2499,PXI
2500,PXLW
2501,PXS
2502,PY
2503,PYDS
2504,PYPL
2505,PYZ
2506,PZZA
2507,QABA
2508,QADA
2509,QADB
2510,QAT
2511,QBAK
2512,QCLN
2513,QCOM
2514,QCRH
2515,QDEL
2516,QINC
2517,QIWI
2518,QLC
2519,QLYS
2520,QNST
2521,QQEW
2522,QQQ
2523,QQQC
2524,QQQX
2525,QQXT
2526,QRHC
2527,QRTEA
2528,QRTEB
2529,QRVO
2530,QSII
2531,QTEC
2532,QTNA
2533,QTNT
2534,QTRH
2535,QTRX
2536,QUIK
2537,QUMU
2538,QURE
2539,QYLD
2540,RADA
2541,RAIL
2542,RAND
2543,RARE
2544,RARX
2545,RAVE
2546,RAVN
2547,RBB
2548,RBBN
2549,RBCAA
2550,RBCN
2551,RBNC
2552,RCII
2553,RCKT
2554,RCKY
2555,RCM
2556,RCMT
2557,RCON
2558,RDCM
2559,RDFN
2560,RDHL
2561,RDI
2562,RDIB
2563,RDNT
2564,RDUS
2565,RDVT
2566,RDVY
2567,RDWR
2568,RECN
2569,REDU
2570,REFR
2571,REGI
2572,REGN
2573,REIS
2574,RELL
2575,RELV
2576,REPH
2577,REPL
2578,RESN
2579,RETA
2580,RETO
2581,RFAP
2582,RFDI
2583,RFEM
2584,RFEU
2585,RFIL
2586,RGCO
2587,RGEN
2588,RGLD
2589,RGLS
2590,RGNX
2591,RGSE
2592,RIBT
2593,RIBTW
2594,RICK
2595,RIGL
2596,RILY
2597,RILYG
2598,RILYH
2599,RILYI
2600,RILYL
2601,RILYZ
2602,RING
2603,RIOT
2604,RIVE
2605,RKDA
2606,RLJE
2607,RLM
2608,RMBL
2609,RMBS
2610,RMCF
2611,RMGN
2612,RMNI
2613,RMR
2614,RMTI
2615,RNDB
2616,RNDM
2617,RNDV
2618,RNEM
2619,RNET
2620,RNLC
2621,RNMC
2622,RNSC
2623,RNST
2624,RNWK
2625,ROAD
2626,ROBT
2627,ROCK
2628,ROIC
2629,ROKU
2630,ROLL
2631,ROSE
2632,ROSEU
2633,ROSEW
2634,ROST
2635,RP
2636,RPD
2637,RRGB
2638,RRR
2639,RSLS
2640,RSYS
2641,RTIX
2642,RTRX
2643,RTTR
2644,RUBY
2645,RUN
2646,RUSHA
2647,RUSHB
2648,RUTH
2649,RVEN
2650,RVLT
2651,RVNC
2652,RVSB
2653,RWLK
2654,RXII
2655,RXIIW
2656,RYAAY
2657,RYTM
2658,SABR
2659,SAEX
2660,SAFM
2661,SAFT
2662,SAGE
2663,SAIA
2664,SAL
2665,SALM
2666,SAMG
2667,SANM
2668,SANW
2669,SASR
2670,SATS
2671,SAUC
2672,SBAC
2673,SBBP
2674,SBBX
2675,SBCF
2676,SBFG
2677,SBFGP
2678,SBGI
2679,SBLK
2680,SBLKZ
2681,SBNY
2682,SBOT
2683,SBPH
2684,SBRA
2685,SBSI
2686,SBT
2687,SBUX
2688,SCAC
2689,SCACU
2690,SCACW
2691,SCHL
2692,SCHN
2693,SCKT
2694,SCON
2695,SCOR
2696,SCPH
2697,SCSC
2698,SCVL
2699,SCWX
2700,SCYX
2701,SCZ
2702,SDVY
2703,SEAC
2704,SECO
2705,SEDG
2706,SEED
2707,SEIC
2708,SEII
2709,SELB
2710,SELF
2711,SENEA
2712,SENEB
2713,SES
2714,SESN
2715,SFBC
2716,SFBS
2717,SFET
2718,SFIX
2719,SFLY
2720,SFM
2721,SFNC
2722,SFST
2723,SGA
2724,SGBX
2725,SGC
2726,SGEN
2727,SGH
2728,SGLB
2729,SGLBW
2730,SGMA
2731,SGMO
2732,SGMS
2733,SGOC
2734,SGRP
2735,SGRY
2736,SGYP
2737,SHBI
2738,SHEN
2739,SHIP
2740,SHIPW
2741,SHLD
2742,SHLDW
2743,SHLM
2744,SHLO
2745,SHOO
2746,SHOS
2747,SHPG
2748,SHSP
2749,SHV
2750,SHY
2751,SIC
2752,SIEB
2753,SIEN
2754,SIFI
2755,SIFY
2756,SIGA
2757,SIGI
2758,SIGM
2759,SILC
2760,SIMO
2761,SINA
2762,SINO
2763,SIR
2764,SIRI
2765,SITO
2766,SIVB
2767,SKIS
2768,SKOR
2769,SKYS
2770,SKYW
2771,SKYY
2772,SLAB
2773,SLCT
2774,SLDB
2775,SLGL
2776,SLGN
2777,SLIM
2778,SLM
2779,SLMBP
2780,SLNO
2781,SLNOW
2782,SLP
2783,SLQD
2784,SLRC
2785,SLS
2786,SLVO
2787,SMBC
2788,SMBK
2789,SMCI
2790,SMCP
2791,SMED
2792,SMIT
2793,SMMF
2794,SMMT
2795,SMPL
2796,SMPLW
2797,SMRT
2798,SMSI
2799,SMTC
2800,SMTX
2801,SNBR
2802,SND
2803,SNDE
2804,SNDX
2805,SNES
2806,SNFCA
2807,SNGX
2808,SNGXW
2809,SNH
2810,SNHNI
2811,SNHNL
2812,SNHY
2813,SNLN
2814,SNMX
2815,SNNA
2816,SNOA
2817,SNOAW
2818,SNPS
2819,SNSR
2820,SNSS
2821,SOCL
2822,SODA
2823,SOFO
2824,SOHO
2825,SOHOB
2826,SOHOK
2827,SOHOO
2828,SOHU
2829,SOLO
2830,SOLOW
2831,SONA
2832,SONC
2833,SONO
2834,SORL
2835,SOXX
2836,SP
2837,SPAR
2838,SPCB
2839,SPEX
2840,SPHS
2841,SPI
2842,SPKE
2843,SPKEP
2844,SPLK
2845,SPNE
2846,SPNS
2847,SPOK
2848,SPPI
2849,SPRO
2850,SPRT
2851,SPSC
2852,SPTN
2853,SPWH
2854,SPWR
2855,SQBG
2856,SQLV
2857,SQQQ
2858,SRAX
2859,SRCE
2860,SRCL
2861,SRCLP
2862,SRDX
2863,SRET
2864,SREV
2865,SRNE
2866,SRPT
2867,SRRA
2868,SRRK
2869,SRTS
2870,SRTSW
2871,SSB
2872,SSBI
2873,SSC
2874,SSFN
2875,SSKN
2876,SSLJ
2877,SSNC
2878,SSNT
2879,SSP
2880,SSRM
2881,SSTI
2882,SSYS
2883,STAA
2884,STAF
2885,STAY
2886,STBA
2887,STBZ
2888,STCN
2889,STDY
2890,STFC
2891,STIM
2892,STKL
2893,STKS
2894,STLD
2895,STLR
2896,STLRW
2897,STML
2898,STMP
2899,STND
2900,STNL
2901,STNLU
2902,STNLW
2903,STPP
2904,STRA
2905,STRL
2906,STRM
2907,STRS
2908,STRT
2909,STX
2910,STXB
2911,SUMR
2912,SUNS
2913,SUNW
2914,SUPN
2915,SURF
2916,SUSB
2917,SUSC
2918,SVA
2919,SVBI
2920,SVRA
2921,SVVC
2922,SWIN
2923,SWIR
2924,SWKS
2925,SYBT
2926,SYBX
2927,SYKE
2928,SYMC
2929,SYNA
2930,SYNC
2931,SYNH
2932,SYNL
2933,SYNT
2934,SYPR
2935,SYRS
2936,TA
2937,TACO
2938,TACOW
2939,TACT
2940,TAIT
2941,TANH
2942,TANNI
2943,TANNL
2944,TANNZ
2945,TAOP
2946,TAPR
2947,TAST
2948,TATT
2949,TAYD
2950,TBBK
2951,TBIO
2952,TBK
2953,TBNK
2954,TBPH
2955,TBRG
2956,TBRGU
2957,TBRGW
2958,TCBI
2959,TCBIL
2960,TCBIP
2961,TCBK
2962,TCCO
2963,TCDA
2964,TCFC
2965,TCGP
2966,TCMD
2967,TCON
2968,TCPC
2969,TCRD
2970,TCX
2971,TDAC
2972,TDACU
2973,TDACW
2974,TDIV
2975,TEAM
2976,TECD
2977,TECH
2978,TEDU
2979,TELL
2980,TENB
2981,TENX
2982,TERP
2983,TESS
2984,TFSL
2985,TGA
2986,TGEN
2987,TGLS
2988,TGTX
2989,THFF
2990,THRM
2991,THST
2992,TIBR
2993,TIBRU
2994,TIBRW
2995,TILE
2996,TIPT
2997,TISA
2998,TITN
2999,TIVO
3000,TKKS
3001,TKKSR
3002,TKKSU
3003,TKKSW
3004,TLF
3005,TLGT
3006,TLND
3007,TLRY
3008,TLT
3009,TMCX
3010,TMCXU
3011,TMCXW
3012,TMDI
3013,TMSR
3014,TMUS
3015,TNAV
3016,TNDM
3017,TNXP
3018,TOCA
3019,TOPS
3020,TORC
3021,TOTA
3022,TOTAR
3023,TOTAU
3024,TOTAW
3025,TOUR
3026,TOWN
3027,TPIC
3028,TPIV
3029,TPNL
3030,TQQQ
3031,TRCB
3032,TRCH
3033,TREE
3034,TRHC
3035,TRIB
3036,TRIL
3037,TRIP
3038,TRMB
3039,TRMD
3040,TRMK
3041,TRMT
3042,TRNC
3043,TRNS
3044,TROV
3045,TROW
3046,TRPX
3047,TRS
3048,TRST
3049,TRUE
3050,TRUP
3051,TRVG
3052,TRVN
3053,TSBK
3054,TSC
3055,TSCAP
3056,TSCO
3057,TSEM
3058,TSG
3059,TSLA
3060,TSRI
3061,TSRO
3062,TST
3063,TTD
3064,TTEC
3065,TTEK
3066,TTGT
3067,TTMI
3068,TTNP
3069,TTOO
3070,TTPH
3071,TTS
3072,TTWO
3073,TUES
3074,TUR
3075,TURN
3076,TUSA
3077,TUSK
3078,TVIX
3079,TVTY
3080,TWIN
3081,TWLV
3082,TWLVR
3083,TWLVU
3084,TWLVW
3085,TWMC
3086,TWNK
3087,TWNKW
3088,TWOU
3089,TXMD
3090,TXN
3091,TXRH
3092,TYHT
3093,TYME
3094,TYPE
3095,TZACU
3096,TZOO
3097,UAE
3098,UAL
3099,UBCP
3100,UBFO
3101,UBIO
3102,UBNK
3103,UBNT
3104,UBOH
3105,UBSH
3106,UBSI
3107,UBX
3108,UCBA
3109,UCBI
3110,UCFC
3111,UCTT
3112,UDBI
3113,UEIC
3114,UEPS
3115,UFCS
3116,UFPI
3117,UFPT
3118,UG
3119,UGLD
3120,UHAL
3121,UIHC
3122,ULBI
3123,ULH
3124,ULTA
3125,ULTI
3126,UMBF
3127,UMPQ
3128,UMRX
3129,UNAM
3130,UNB
3131,UNFI
3132,UNIT
3133,UNTY
3134,UONE
3135,UONEK
3136,UPL
3137,UPLD
3138,URBN
3139,URGN
3140,USAK
3141,USAP
3142,USAT
3143,USATP
3144,USAU
3145,USCR
3146,USEG
3147,USIG
3148,USLB
3149,USLM
3150,USLV
3151,USMC
3152,USOI
3153,UTHR
3154,UTMD
3155,UTSI
3156,UVSP
3157,UXIN
3158,VALU
3159,VALX
3160,VBFC
3161,VBIV
3162,VBLT
3163,VBTX
3164,VC
3165,VCEL
3166,VCIT
3167,VCLT
3168,VCNX
3169,VCSH
3170,VCTR
3171,VCYT
3172,VEAC
3173,VEACU
3174,VEACW
3175,VECO
3176,VEON
3177,VERI
3178,VERU
3179,VETS
3180,VGIT
3181,VGLT
3182,VGSH
3183,VIA
3184,VIAB
3185,VIAV
3186,VICL
3187,VICR
3188,VIGI
3189,VIIX
3190,VIRC
3191,VIRT
3192,VIVE
3193,VIVO
3194,VKTX
3195,VKTXW
3196,VLGEA
3197,VLRX
3198,VMBS
3199,VNDA
3200,VNET
3201,VNOM
3202,VNQI
3203,VOD
3204,VONE
3205,VONG
3206,VONV
3207,VOXX
3208,VRA
3209,VRAY
3210,VRCA
3211,VREX
3212,VRIG
3213,VRML
3214,VRNA
3215,VRNS
3216,VRNT
3217,VRSK
3218,VRSN
3219,VRTS
3220,VRTSP
3221,VRTU
3222,VRTX
3223,VSAR
3224,VSAT
3225,VSDA
3226,VSEC
3227,VSMV
3228,VSTM
3229,VTC
3230,VTGN
3231,VTHR
3232,VTIP
3233,VTIQ
3234,VTIQU
3235,VTIQW
3236,VTL
3237,VTNR
3238,VTSI
3239,VTVT
3240,VTWG
3241,VTWO
3242,VTWV
3243,VUZI
3244,VVPR
3245,VVUS
3246,VWOB
3247,VXRT
3248,VXUS
3249,VYGR
3250,VYMI
3251,WABC
3252,WAFD
3253,WAFDW
3254,WASH
3255,WATT
3256,WB
3257,WBA
3258,WCFB
3259,WDAY
3260,WDC
3261,WDFC
3262,WEB
3263,WEBK
3264,WEN
3265,WERN
3266,WETF
3267,WEYS
3268,WHF
3269,WHLM
3270,WHLR
3271,WHLRD
3272,WHLRP
3273,WHLRW
3274,WIFI
3275,WILC
3276,WIN
3277,WINA
3278,WING
3279,WINS
3280,WIRE
3281,WISA
3282,WIX
3283,WKHS
3284,WLDN
3285,WLFC
3286,WLTW
3287,WMGI
3288,WMGIZ
3289,WMIH
3290,WNEB
3291,WOOD
3292,WPRT
3293,WRLD
3294,WRLS
3295,WRLSR
3296,WRLSU
3297,WRLSW
3298,WSBC
3299,WSBF
3300,WSC
3301,WSCI
3302,WSCWW
3303,WSFS
3304,WSTG
3305,WSTL
3306,WTBA
3307,WTFC
3308,WTFCM
3309,WTFCW
3310,WVE
3311,WVFC
3312,WVVI
3313,WVVIP
3314,WWD
3315,WWR
3316,WYNN
3317,XBIO
3318,XBIT
3319,XCRA
3320,XEL
3321,XELA
3322,XELB
3323,XENE
3324,XENT
3325,XERS
3326,XGTI
3327,XLNX
3328,XLRN
3329,XNCR
3330,XNET
3331,XOG
3332,XOMA
3333,XONE
3334,XPER
3335,XRAY
3336,XSPA
3337,XSPL
3338,XT
3339,XTLB
3340,YDIV
3341,YECO
3342,YGYI
3343,YI
3344,YIN
3345,YLCO
3346,YLDE
3347,YNDX
3348,YOGA
3349,YORW
3350,YRCW
3351,YRIV
3352,YTEN
3353,YTRA
3354,YVR
3355,YY
3356,Z
3357,ZAGG
3358,ZBIO
3359,ZBRA
3360,ZEAL
3361,ZEUS
3362,ZFGN
3363,ZG
3364,ZGNX
3365,ZION
3366,ZIONW
3367,ZIOP
3368,ZIV
3369,ZIXI
3370,ZKIN
3371,ZLAB
3372,ZN
3373,ZNGA
3374,ZS
3375,ZSAN
3376,ZUMZ
3377,ZYNE
0,A
1,AA
2,AAC
3,AAN
4,AAP
5,AAT
6,AAV
7,AB
8,ABB
9,ABBV
10,ABC
11,ABEV
12,ABG
13,ABM
14,ABR
15,ABR-A
16,ABR-B
17,ABR-C
18,ABT
19,ABX
20,AC
21,ACC
22,ACCO
23,ACH
24,ACM
25,ACN
26,ACP
27,ACRE
28,ACV
29,ADC
30,ADM
31,ADNT
32,ADS
33,ADSW
34,ADT
35,ADX
36,AEB
37,AED
38,AEE
39,AEG
40,AEH
41,AEL
42,AEM
43,AEO
44,AEP
45,AER
46,AES
47,AET
48,AFB
49,AFC
50,AFG
51,AFGE
52,AFGH
53,AFI
54,AFL
55,AFS-A
56,AFS-B
57,AFS-C
58,AFS-D
59,AFS-E
60,AFS-F
61,AFSS
62,AFST
63,AFT
64,AG
65,AGC
66,AGCO
67,AGD
68,AGI
69,AGM
70,AGM-A
71,AGM-B
72,AGM-C
73,AGM.A
74,AGN
75,AGO
76,AGO-B
77,AGO-E
78,AGO-F
79,AGR
80,AGRO
81,AGS
82,AGX
83,AHC
84,AHH
85,AHL
86,AHL-C
87,AHL-D
88,AHT
89,AHT-D
90,AHT-F
91,AHT-G
92,AHT-H
93,AHT-I
94,AI
95,AI-B
96,AIC
97,AIF
98,AIG
99,AIG.W
100,AIN
101,AIR
102,AIT
103,AIV
104,AIV-A
105,AIW
106,AIY
107,AIZ
108,AIZP
109,AJG
110,AJRD
111,AJX
112,AJXA
113,AKO.A
114,AKO.B
115,AKP
116,AKR
117,AKS
118,AL
119,ALB
120,ALE
121,ALEX
122,ALG
123,ALK
124,ALL
125,ALL-A
126,ALL-B
127,ALL-C
128,ALL-D
129,ALL-E
130,ALL-F
131,ALL-G
132,ALL-Y
133,ALLE
134,ALLY
135,ALP-Q
136,ALSN
137,ALV
138,ALX
139,AM
140,AMBR
141,AMC
142,AME
143,AMG
144,AMGP
145,AMH
146,AMH-D
147,AMH-E
148,AMH-F
149,AMH-G
150,AMID
151,AMN
152,AMOV
153,AMP
154,AMRC
155,AMRX
156,AMT
157,AMX
158,AN
159,ANDV
160,ANDX
161,ANET
162,ANF
163,ANFI
164,ANH
165,ANH-A
166,ANH-B
167,ANH-C
168,ANTM
169,ANW
170,AOD
171,AOI
172,AON
173,AOS
174,AP
175,APA
176,APAM
177,APB
178,APC
179,APD
180,APF
181,APH
182,APLE
183,APO
184,APO-A
185,APO-B
186,APRN
187,APTS
188,APTV
189,APU
190,APY
191,AQ
192,AQN
193,AQUA
194,AR
195,ARA
196,ARC
197,ARCH
198,ARCO
199,ARD
200,ARDC
201,ARE
202,ARE-A
203,ARE-D
204,ARES
205,ARGD
206,ARGO
207,ARI
208,ARI-C
209,ARL
210,ARLO
211,ARMK
212,ARNC
213,AROC
214,ARR
215,ARR-A
216,ARR-B
217,ARW
218,ASA
219,ASB
220,ASB-C
221,ASB-D
222,ASC
223,ASG
224,ASGN
225,ASH
226,ASIX
227,ASPN
228,ASR
229,ASX
230,AT
231,ATEN
232,ATGE
233,ATH
234,ATHM
235,ATI
236,ATKR
237,ATO
238,ATR
239,ATTO
240,ATU
241,ATUS
242,ATV
243,AU
244,AUO
245,AUY
246,AVA
247,AVAL
248,AVB
249,AVD
250,AVH
251,AVK
252,AVLR
253,AVNS
254,AVP
255,AVX
256,AVY
257,AVYA
258,AWF
259,AWI
260,AWK
261,AWP
262,AWR
263,AXE
264,AXL
265,AXP
266,AXR
267,AXS
268,AXS-D
269,AXS-E
270,AXTA
271,AYI
272,AYR
273,AYX
274,AZN
275,AZO
276,AZRE
277,AZUL
278,AZZ
279,B
280,BA
281,BABA
282,BAC
283,BAC-A
284,BAC-B
285,BAC-C
286,BAC-E
287,BAC-K
288,BAC-L
289,BAC-W
290,BAC-Y
291,BAC.A
292,BAC.B
293,BAF
294,BAH
295,BAK
296,BAM
297,BAN-D
298,BAN-E
299,BANC
300,BAP
301,BAS
302,BAX
303,BB
304,BBD
305,BBDC
306,BBDO
307,BBF
308,BBK
309,BBL
310,BBN
311,BBT
312,BBT-D
313,BBT-E
314,BBT-F
315,BBT-G
316,BBT-H
317,BBU
318,BBVA
319,BBW
320,BBX
321,BBY
322,BC
323,BCC
324,BCE
325,BCEI
326,BCH
327,BCO
328,BCRH
329,BCS
330,BCS-D
331,BCX
332,BDC
333,BDC-B
334,BDJ
335,BDN
336,BDX
337,BDXA
338,BE
339,BEDU
340,BEL
341,BEN
342,BEP
343,BERY
344,BF.A
345,BF.B
346,BFAM
347,BFK
348,BFO
349,BFR
350,BFS
351,BFS-C
352,BFS-D
353,BFY
354,BFZ
355,BG
356,BGB
357,BGCA
358,BGG
359,BGH
360,BGIO
361,BGR
362,BGS
363,BGT
364,BGX
365,BGY
366,BH
367,BH.A
368,BHC
369,BHE
370,BHGE
371,BHK
372,BHLB
373,BHP
374,BHR
375,BHR-B
376,BHV
377,BHVN
378,BID
379,BIF
380,BIG
381,BIO
382,BIO.B
383,BIP
384,BIT
385,BITA
386,BJ
387,BJZ
388,BK
389,BK-C
390,BKD
391,BKE
392,BKH
393,BKHU
394,BKI
395,BKK
396,BKN
397,BKS
398,BKT
399,BKU
400,BLD
401,BLE
402,BLH
403,BLK
404,BLL
405,BLW
406,BLX
407,BMA
408,BME
409,BMI
410,BML-G
411,BML-H
412,BML-J
413,BML-L
414,BMO
415,BMS
416,BMY
417,BNED
418,BNS
419,BNY
420,BOE
421,BOH
422,BOOT
423,BORN
424,BOX
425,BP
426,BPI
427,BPK
428,BPL
429,BPMP
430,BPT
431,BQH
432,BR
433,BRC
434,BRFS
435,BRK.A
436,BRK.B
437,BRO
438,BRS
439,BRSS
440,BRT
441,BRX
442,BSA
443,BSAC
444,BSBR
445,BSD
446,BSE
447,BSIG
448,BSL
449,BSM
450,BSMX
451,BST
452,BSTI
453,BSX
454,BT
455,BTA
456,BTE
457,BTI
458,BTO
459,BTT
460,BTU
461,BTZ
462,BUD
463,BUI
464,BURL
465,BV
466,BVN
467,BW
468,BWA
469,BWG
470,BWXT
471,BX
472,BXC
473,BXE
474,BXG
475,BXMT
476,BXMX
477,BXP
478,BXP-B
479,BXS
480,BY
481,BYD
482,BYM
483,BZH
484,BZM
485,C
486,C-C
487,C-J
488,C-K
489,C-L
490,C-N
491,C-S
492,C.A
493,CAAP
494,CABO
495,CACI
496,CADE
497,CAE
498,CAF
499,CAG
500,CAH
501,CAI
502,CAI-A
503,CAI-B
504,CAJ
505,CAL
506,CALX
507,CANG
508,CAPL
509,CARS
510,CAT
511,CATO
512,CB
513,CBA
514,CBB
515,CBB-B
516,CBD
517,CBH
518,CBK
519,CBL
520,CBL-D
521,CBL-E
522,CBM
523,CBO
524,CBPX
525,CBRE
526,CBS
527,CBS.A
528,CBT
529,CBU
530,CBX
531,CBZ
532,CC
533,CCC.U
534,CCE
535,CCI
536,CCI-A
537,CCJ
538,CCK
539,CCL
540,CCM
541,CCO
542,CCR
543,CCS
544,CCT
545,CCU
546,CCZ
547,CDAY
548,CDE
549,CDR
550,CDR-B
551,CDR-C
552,CE
553,CEA
554,CEE
555,CEIX
556,CEL
557,CELP
558,CEM
559,CEN
560,CEO
561,CEPU
562,CEQP
563,CF
564,CFG
565,CFR
566,CFR-A
567,CFX
568,CGA
569,CGC
570,CGG
571,CHA
572,CHAP
573,CHCT
574,CHD
575,CHE
576,CHGG
577,CHH
578,CHK
579,CHK-D
580,CHKR
581,CHL
582,CHM-A
583,CHMI
584,CHN
585,CHRA
586,CHS
587,CHSP
588,CHT
589,CHU
590,CI
591,CIA
592,CIB
593,CIC
594,CIC.U
595,CIC.W
596,CIEN
597,CIF
598,CIG
599,CIG.C
600,CII
601,CIM
602,CIM-A
603,CIM-B
604,CINR
605,CIO
606,CIO-A
607,CIR
608,CISN
609,CIT
610,CIVI
611,CJ
612,CKH
613,CL
614,CLB
615,CLD
616,CLDR
617,CLDT
618,CLF
619,CLGX
620,CLH
621,CLI
622,CLN-B
623,CLN-E
624,CLN-G
625,CLN-H
626,CLN-I
627,CLN-J
628,CLNC
629,CLNY
630,CLPR
631,CLR
632,CLS
633,CLW
634,CLX
635,CM
636,CMA
637,CMA.W
638,CMC
639,CMCM
640,CMD
641,CMG
642,CMI
643,CMO
644,CMO-E
645,CMP
646,CMR-B
647,CMR-C
648,CMR-D
649,CMR-E
650,CMRE
651,CMS
652,CMS-B
653,CMSA
654,CMU
655,CNA
656,CNC
657,CNDT
658,CNHI
659,CNI
660,CNK
661,CNNE
662,CNO
663,CNP
664,CNQ
665,CNS
666,CNX
667,CNXM
668,CO
669,COD-A
670,COD-B
671,CODI
672,COE
673,COF
674,COF-C
675,COF-D
676,COF-F
677,COF-G
678,COF-H
679,COF-P
680,COF.W
681,COG
682,COL
683,COLD
684,COO
685,COP
686,COR
687,COR-Z
688,CORR
689,COT
690,COTV
691,COTY
692,CP
693,CPA
694,CPAC
695,CPB
696,CPE
697,CPE-A
698,CPF
699,CPG
700,CPK
701,CPL
702,CPLG
703,CPS
704,CPT
705,CR
706,CRC
707,CRCM
708,CRD.A
709,CRD.B
710,CRH
711,CRI
712,CRK
713,CRL
714,CRM
715,CRR
716,CRS
717,CRT
718,CRY
719,CS
720,CSL
721,CSLT
722,CSS
723,CSTM
724,CSU
725,CSV
726,CTAA
727,CTB
728,CTBB
729,CTDD
730,CTL
731,CTLT
732,CTR
733,CTS
734,CTT
735,CTU
736,CTV
737,CTW
738,CTX
739,CTY
740,CTZ
741,CUB
742,CUB-C
743,CUB-D
744,CUB-E
745,CUB-F
746,CUBE
747,CUBI
748,CUK
749,CULP
750,CURO
751,CUZ
752,CVA
753,CVE
754,CVEO
755,CVG
756,CVI
757,CVIA
758,CVNA
759,CVRR
760,CVS
761,CVX
762,CW
763,CWH
764,CWK
765,CWT
766,CX
767,CXE
768,CXH
769,CXO
770,CXP
771,CXW
772,CYD
773,CYH
774,CZZ
775,D
776,DAC
777,DAL
778,DAN
779,DAR
780,DATA
781,DAVA
782,DB
783,DBD
784,DBL
785,DCF
786,DCI
787,DCO
788,DCP
789,DCP-B
790,DCT
791,DCUD
792,DD-A
793,DD-B
794,DDD
795,DDE
796,DDF
797,DDR
798,DDR-A
799,DDR-J
800,DDR-K
801,DDS
802,DDT
803,DE
804,DEA
805,DECK
806,DEI
807,DEO
808,DESP
809,DEX
810,DF
811,DFIN
812,DFP
813,DFS
814,DG
815,DGX
816,DHC.X
817,DHCP
818,DHF
819,DHI
820,DHR
821,DHT
822,DHX
823,DIAX
824,DIN
825,DIS
826,DK
827,DKL
828,DKS
829,DKT
830,DL
831,DLB
832,DLN-A
833,DLNG
834,DLPH
835,DLR
836,DLR-C
837,DLR-G
838,DLR-H
839,DLR-I
840,DLR-J
841,DLX
842,DM
843,DMB
844,DMO
845,DNB
846,DNI
847,DNOW
848,DNP
849,DNR
850,DO
851,DOC
852,DOOR
853,DOV
854,DPG
855,DPLO
856,DPZ
857,DQ
858,DRD
859,DRE
860,DRH
861,DRI
862,DRQ
863,DRUA
864,DS
865,DS-B
866,DS-C
867,DS-D
868,DSE
869,DSL
870,DSM
871,DSU
872,DSW
873,DSX
874,DSX-B
875,DSXN
876,DTE
877,DTF
878,DTJ
879,DTL.P
880,DTQ
881,DTV
882,DTW
883,DTY
884,DUC
885,DUK
886,DUKH
887,DVA
888,DVD
889,DVMT
890,DVN
891,DWDP
892,DX
893,DX-A
894,DX-B
895,DXB
896,DXC
897,DY
898,DYNC
899,E
900,EAB
901,EAE
902,EAF
903,EAI
904,EARN
905,EAT
906,EBF
907,EBR
908,EBR.B
909,EBS
910,EC
911,ECA
912,ECC
913,ECCA
914,ECCB
915,ECCX
916,ECCY
917,ECL
918,ECOM
919,ECR
920,ECT
921,ED
922,EDD
923,EDF
924,EDI
925,EDN
926,EDR
927,EDU
928,EE
929,EEA
930,EEP
931,EEQ
932,EEX
933,EFC
934,EFF
935,EFL
936,EFR
937,EFT
938,EFX
939,EGF
940,EGHT
941,EGIF
942,EGL
943,EGN
944,EGO
945,EGP
946,EGY
947,EHC
948,EHI
949,EHIC
950,EHT
951,EIG
952,EIX
953,EL
954,ELC
955,ELF
956,ELJ
957,ELLI
958,ELP
959,ELS
960,ELU
961,ELVT
962,ELY
963,EMD
964,EME
965,EMES
966,EMF
967,EMN
968,EMO
969,EMP
970,EMR
971,ENB
972,ENBA
973,ENBL
974,ENIA
975,ENIC
976,ENJ
977,ENLC
978,ENLK
979,ENO
980,ENR
981,ENS
982,ENV
983,ENVA
984,ENZ
985,EOCC
986,EOD
987,EOG
988,EOI
989,EOS
990,EOT
991,EP-C
992,EPAM
993,EPC
994,EPD
995,EPE
996,EPR
997,EPR-C
998,EPR-E
999,EPR-G
1000,EPRT
1001,EQC
1002,EQC-D
1003,EQGP
1004,EQH
1005,EQM
1006,EQNR
1007,EQR
1008,EQS
1009,EQT
1010,ERA
1011,ERF
1012,ERJ
1013,EROS
1014,ES
1015,ESE
1016,ESL
1017,ESNT
1018,ESRT
1019,ESS
1020,ESTE
1021,ESV
1022,ETB
1023,ETE
1024,ETG
1025,ETH
1026,ETJ
1027,ETM
1028,ETN
1029,ETO
1030,ETP
1031,ETP-C
1032,ETP-D
1033,ETR
1034,ETV
1035,ETW
1036,ETX
1037,ETY
1038,EURN
1039,EV
1040,EVA
1041,EVC
1042,EVF
1043,EVG
1044,EVH
1045,EVHC
1046,EVN
1047,EVR
1048,EVRG
1049,EVRI
1050,EVT
1051,EVTC
1052,EW
1053,EXC
1054,EXD
1055,EXG
1056,EXK
1057,EXP
1058,EXPR
1059,EXR
1060,EXTN
1061,EZT
1062,F
1063,FAF
1064,FAM
1065,FBC
1066,FBHS
1067,FBK
1068,FBM
1069,FBP
1070,FBR
1071,FC
1072,FCAU
1073,FCB
1074,FCE.A
1075,FCF
1076,FCFS
1077,FCN
1078,FCPT
1079,FCT
1080,FCX
1081,FDC
1082,FDEU
1083,FDP
1084,FDS
1085,FDX
1086,FE
1087,FEDU
1088,FEI
1089,FELP
1090,FENG
1091,FEO
1092,FET
1093,FF
1094,FFA
1095,FFC
1096,FFG
1097,FG
1098,FG.W
1099,FGB
1100,FGP
1101,FHN
1102,FHN-A
1103,FI
1104,FICO
1105,FIF
1106,FII
1107,FIS
1108,FIT
1109,FIV
1110,FIX
1111,FL
1112,FLC
1113,FLO
1114,FLOW
1115,FLR
1116,FLS
1117,FLT
1118,FLY
1119,FMC
1120,FMN
1121,FMO
1122,FMS
1123,FMX
1124,FMY
1125,FN
1126,FNB
1127,FNB-E
1128,FND
1129,FNF
1130,FNV
1131,FOE
1132,FOF
1133,FOR
1134,FPA.U
1135,FPA.W
1136,FPAC
1137,FPF
1138,FPH
1139,FPI
1140,FPI-B
1141,FPL
1142,FR
1143,FRA
1144,FRAC
1145,FRC
1146,FRC-D
1147,FRC-E
1148,FRC-F
1149,FRC-G
1150,FRC-H
1151,FRC-I
1152,FRO
1153,FRT
1154,FRT-C
1155,FSB
1156,FSD
1157,FSIC
1158,FSM
1159,FSS
1160,FT
1161,FTAI
1162,FTI
1163,FTK
1164,FTS
1165,FTSI
1166,FTV
1167,FTV-A
1168,FUL
1169,FUN
1170,G
1171,GAB
1172,GAB-D
1173,GAB-G
1174,GAB-H
1175,GAB-J
1176,GAM
1177,GAM-B
1178,GATX
1179,GBAB
1180,GBL
1181,GBX
1182,GCAP
1183,GCI
1184,GCO
1185,GCP
1186,GCV
1187,GCV-B
1188,GD
1189,GDDY
1190,GDI
1191,GDL
1192,GDL-C
1193,GDO
1194,GDOT
1195,GDV
1196,GDV-A
1197,GDV-D
1198,GDV-G
1199,GE
1200,GEF
1201,GEF.B
1202,GEL
1203,GEN
1204,GEO
1205,GER
1206,GES
1207,GF
1208,GFA
1209,GFF
1210,GFI
1211,GFY
1212,GG
1213,GGB
1214,GGG
1215,GGM
1216,GGP
1217,GGP-A
1218,GGT
1219,GGT-B
1220,GGT-E
1221,GGZ
1222,GGZ-A
1223,GHC
1224,GHG
1225,GHL
1226,GHM
1227,GHY
1228,GIB
1229,GIG
1230,GIG.P
1231,GIG.U
1232,GIG.W
1233,GIL
1234,GIM
1235,GIS
1236,GJH
1237,GJO
1238,GJP
1239,GJR
1240,GJS
1241,GJT
1242,GJV
1243,GKOS
1244,GLO-A
1245,GLO-B
1246,GLO-G
1247,GLOB
1248,GLOG
1249,GLOP
1250,GLP
1251,GLP-A
1252,GLT
1253,GLW
1254,GM
1255,GM.B
1256,GME
1257,GMED
1258,GMR-A
1259,GMRE
1260,GMS
1261,GMTA
1262,GMZ
1263,GNC
1264,GNE
1265,GNE-A
1266,GNK
1267,GNL
1268,GNL-A
1269,GNRC
1270,GNT
1271,GNT-A
1272,GNW
1273,GOF
1274,GOL
1275,GOLF
1276,GOOS
1277,GPC
1278,GPI
1279,GPJA
1280,GPK
1281,GPM
1282,GPMT
1283,GPN
1284,GPRK
1285,GPS
1286,GPT
1287,GPT-A
1288,GPX
1289,GRA
1290,GRAM
1291,GRC
1292,GRP.U
1293,GRUB
1294,GRX
1295,GRX-A
1296,GRX-B
1297,GS
1298,GS-A
1299,GS-B
1300,GS-C
1301,GS-D
1302,GS-J
1303,GS-K
1304,GS-N
1305,GSA.U
1306,GSAH
1307,GSBD
1308,GSH
1309,GSK
1310,GSL
1311,GSL-B
1312,GTES
1313,GTN
1314,GTN.A
1315,GTS
1316,GTT
1317,GTY
1318,GUT
1319,GUT-A
1320,GUT-C
1321,GVA
1322,GWB
1323,GWR
1324,GWRE
1325,GWW
1326,GYB
1327,GYC
1328,GZT
1329,H
1330,HAE
1331,HAL
1332,HASI
1333,HBB
1334,HBI
1335,HBM
1336,HCA
1337,HCC
1338,HCF-A
1339,HCFT
1340,HCHC
1341,HCI
1342,HCLP
1343,HCP
1344,HCXZ
1345,HD
1346,HDB
1347,HE
1348,HE-U
1349,HEI
1350,HEI.A
1351,HEP
1352,HEQ
1353,HES
1354,HES-A
1355,HESM
1356,HF
1357,HFC
1358,HFRO
1359,HGH
1360,HGT
1361,HGV
1362,HHC
1363,HHS
1364,HI
1365,HIE
1366,HIFR
1367,HIG
1368,HIG.W
1369,HII
1370,HIO
1371,HIVE
1372,HIW
1373,HIX
1374,HJV
1375,HK
1376,HK.W
1377,HL
1378,HL-B
1379,HLF
1380,HLI
1381,HLT
1382,HLX
1383,HMC
1384,HMI
1385,HML-A
1386,HMLP
1387,HMN
1388,HMY
1389,HNGR
1390,HNI
1391,HNP
1392,HOG
1393,HOME
1394,HON
1395,HOS
1396,HOV
1397,HP
1398,HPE
1399,HPF
1400,HPI
1401,HPP
1402,HPQ
1403,HPR
1404,HPS
1405,HQH
1406,HQL
1407,HR
1408,HRB
1409,HRC
1410,HRI
1411,HRL
1412,HRS
1413,HRTG
1414,HSB-A
1415,HSBC
1416,HSC
1417,HST
1418,HSY
1419,HT
1420,HT-C
1421,HT-D
1422,HT-E
1423,HTA
1424,HTD
1425,HTFA
1426,HTGC
1427,HTGX
1428,HTH
1429,HTY
1430,HTZ
1431,HUBB
1432,HUBS
1433,HUD
1434,HUM
1435,HUN
1436,HUYA
1437,HVT
1438,HVT.A
1439,HXL
1440,HY
1441,HYB
1442,HYI
1443,HYT
1444,HZN
1445,HZO
1446,I
1447,IAE
1448,IAG
1449,IBA
1450,IBM
1451,IBN
1452,IBP
1453,ICD
1454,ICE
1455,ICL
1456,IDA
1457,IDE
1458,IDT
1459,IEX
1460,IFF
1461,IFN
1462,IGA
1463,IGD
1464,IGI
1465,IGR
1466,IGT
1467,IHC
1468,IHD
1469,IHG
1470,IHIT
1471,IHTA
1472,IID
1473,IIF
1474,IIM
1475,IIP-A
1476,IIPR
1477,IMAX
1478,INB
1479,INF
1480,INFY
1481,ING
1482,INGR
1483,INN
1484,INN-D
1485,INN-E
1486,INS-A
1487,INSI
1488,INSP
1489,INST
1490,INSW
1491,INT
1492,INVH
1493,INXN
1494,IO
1495,IP
1496,IPG
1497,IPHI
1498,IPI
1499,IPL-D
1500,IPO.U
1501,IPO.W
1502,IPOA
1503,IQI
1504,IQV
1505,IR
1506,IRE-C
1507,IRET
1508,IRL
1509,IRM
1510,IRR
1511,IRS
1512,IRT
1513,ISD
1514,ISF
1515,ISG
1516,IT
1517,ITCB
1518,ITG
1519,ITGR
1520,ITT
1521,ITUB
1522,ITW
1523,IVC
1524,IVH
1525,IVR
1526,IVR-A
1527,IVR-B
1528,IVR-C
1529,IVZ
1530,IX
1531,JAG
1532,JAX
1533,JBGS
1534,JBK
1535,JBL
1536,JBN
1537,JBR
1538,JBT
1539,JCA-B
1540,JCAP
1541,JCE
1542,JCI
1543,JCO
1544,JCP
1545,JDD
1546,JE
1547,JE-A
1548,JEC
1549,JEF
1550,JELD
1551,JEMD
1552,JEQ
1553,JFR
1554,JGH
1555,JHA
1556,JHB
1557,JHD
1558,JHG
1559,JHI
1560,JHS
1561,JHX
1562,JHY
1563,JILL
1564,JKS
1565,JLL
1566,JLS
1567,JMEI
1568,JMF
1569,JMLP
1570,JMM
1571,JMP
1572,JMPB
1573,JMPD
1574,JMT
1575,JNJ
1576,JNPR
1577,JOE
1578,JOF
1579,JONE
1580,JP
1581,JPC
1582,JPI
1583,JPM
1584,JPM-A
1585,JPM-B
1586,JPM-E
1587,JPM-F
1588,JPM-G
1589,JPM-H
1590,JPM.W
1591,JPS
1592,JPT
1593,JQC
1594,JRI
1595,JRO
1596,JRS
1597,JSD
1598,JT
1599,JTA
1600,JTD
1601,JW.A
1602,JW.B
1603,JWN
1604,K
1605,KAI
1606,KAMN
1607,KAP
1608,KAR
1609,KB
1610,KBH
1611,KBR
1612,KDMN
1613,KDP
1614,KEG
1615,KEM
1616,KEN
1617,KEP
1618,KEX
1619,KEY
1620,KEY-I
1621,KEY-J
1622,KEYS
1623,KF
1624,KFS
1625,KFY
1626,KGC
1627,KIM
1628,KIM-I
1629,KIM-J
1630,KIM-K
1631,KIM-L
1632,KIM-M
1633,KIO
1634,KKR
1635,KKR-A
1636,KKR-B
1637,KL
1638,KMB
1639,KMF
1640,KMG
1641,KMI
1642,KMI-A
1643,KMM
1644,KMPA
1645,KMPR
1646,KMT
1647,KMX
1648,KN
1649,KNL
1650,KNOP
1651,KNX
1652,KO
1653,KOD.W
1654,KOD.X
1655,KODK
1656,KOF
1657,KOP
1658,KORS
1659,KOS
1660,KR
1661,KRA
1662,KRC
1663,KREF
1664,KRG
1665,KRO
1666,KRP
1667,KS
1668,KSM
1669,KSS
1670,KST
1671,KSU
1672,KSU.P
1673,KT
1674,KTF
1675,KTH
1676,KTN
1677,KTP
1678,KW
1679,KWR
1680,KYN
1681,KYN-F
1682,L
1683,LAC
1684,LAD
1685,LADR
1686,LAZ
1687,LB
1688,LBRT
1689,LC
1690,LCI
1691,LCII
1692,LCM
1693,LDF
1694,LDL
1695,LDOS
1696,LDP
1697,LEA
1698,LEAF
1699,LEE
1700,LEG
1701,LEJU
1702,LEN
1703,LEN.B
1704,LEO
1705,LFC
1706,LGC
1707,LGC.U
1708,LGC.W
1709,LGF.A
1710,LGF.B
1711,LGI
1712,LH
1713,LHC
1714,LHC.U
1715,LHC.W
1716,LHO
1717,LHO-I
1718,LHO-J
1719,LII
1720,LITB
1721,LKM
1722,LKSD
1723,LL
1724,LLL
1725,LLY
1726,LM
1727,LMHA
1728,LMHB
1729,LMT
1730,LN
1731,LNC
1732,LNC.W
1733,LND
1734,LNN
1735,LNT
1736,LOMA
1737,LOR
1738,LOW
1739,LPG
1740,LPI
1741,LPL
1742,LPT
1743,LPX
1744,LRN
1745,LSI
1746,LTC
1747,LTM
1748,LTN
1749,LTN.P
1750,LTN.U
1751,LTN.W
1752,LUB
1753,LUV
1754,LVS
1755,LW
1756,LXFR
1757,LXFT
1758,LXP
1759,LXP-C
1760,LXU
1761,LYB
1762,LYG
1763,LYV
1764,LZB
1765,M
1766,MA
1767,MAA
1768,MAA-I
1769,MAC
1770,MAIN
1771,MAN
1772,MANU
1773,MAS
1774,MATX
1775,MAV
1776,MAXR
1777,MBI
1778,MBT
1779,MC
1780,MCA
1781,MCB
1782,MCC
1783,MCD
1784,MCI
1785,MCK
1786,MCN
1787,MCO
1788,MCR
1789,MCRN
1790,MCS
1791,MCV
1792,MCX
1793,MCY
1794,MD
1795,MDC
1796,MDLQ
1797,MDLX
1798,MDLY
1799,MDP
1800,MDR
1801,MDT
1802,MDU
1803,MED
1804,MEI
1805,MEN
1806,MER-K
1807,MET
1808,MET-A
1809,MET-E
1810,MFA
1811,MFA-B
1812,MFA.U
1813,MFC
1814,MFCB
1815,MFD
1816,MFG
1817,MFGP
1818,MFL
1819,MFM
1820,MFO
1821,MFT
1822,MFV
1823,MG
1824,MGA
1825,MGF
1826,MGM
1827,MGP
1828,MGU
1829,MGY
1830,MGY.W
1831,MH-A
1832,MH-C
1833,MH-D
1834,MHD
1835,MHE
1836,MHF
1837,MHI
1838,MHK
1839,MHLA
1840,MHN
1841,MHNC
1842,MHO
1843,MIC
1844,MIE
1845,MIN
1846,MIT-A
1847,MIT-B
1848,MITT
1849,MIXT
1850,MIY
1851,MKC
1852,MKC.V
1853,MKL
1854,MLI
1855,MLM
1856,MLP
1857,MLR
1858,MMC
1859,MMD
1860,MMI
1861,MMM
1862,MMP
1863,MMS
1864,MMT
1865,MMU
1866,MN
1867,MNE
1868,MNK
1869,MNP
1870,MNR
1871,MNR-C
1872,MO
1873,MOD
1874,MODN
1875,MOG.A
1876,MOG.B
1877,MOH
1878,MOS
1879,MOS.U
1880,MOS.W
1881,MOSC
1882,MOV
1883,MP-D
1884,MPA
1885,MPC
1886,MPLX
1887,MPO
1888,MPV
1889,MPW
1890,MPX
1891,MQT
1892,MQY
1893,MRC
1894,MRK
1895,MRO
1896,MRT
1897,MS
1898,MS-A
1899,MS-E
1900,MS-F
1901,MS-G
1902,MS-I
1903,MS-K
1904,MSA
1905,MSB
1906,MSCI
1907,MSD
1908,MSF
1909,MSG
1910,MSGN
1911,MSI
1912,MSL
1913,MSM
1914,MSP
1915,MT
1916,MTB
1917,MTB-C
1918,MTB.P
1919,MTB.W
1920,MTD
1921,MTDR
1922,MTG
1923,MTH
1924,MTL
1925,MTL.P
1926,MTN
1927,MTOR
1928,MTR
1929,MTRN
1930,MTT
1931,MTW
1932,MTX
1933,MTZ
1934,MUA
1935,MUC
1936,MUE
1937,MUFG
1938,MUH
1939,MUI
1940,MUJ
1941,MUR
1942,MUS
1943,MUSA
1944,MUX
1945,MVC
1946,MVCD
1947,MVF
1948,MVO
1949,MVT
1950,MWA
1951,MX
1952,MXE
1953,MXF
1954,MXL
1955,MYC
1956,MYD
1957,MYE
1958,MYF
1959,MYI
1960,MYJ
1961,MYN
1962,MYOV
1963,MZA
1964,NAC
1965,NAD
1966,NAN
1967,NAO
1968,NAP
1969,NAT
1970,NAV
1971,NAV-D
1972,NAZ
1973,NBB
1974,NBD
1975,NBHC
1976,NBL
1977,NBLX
1978,NBR
1979,NBR-A
1980,NC
1981,NCA
1982,NCB
1983,NCI
1984,NCLH
1985,NCR
1986,NCS
1987,NCV
1988,NCZ
1989,NDP
1990,NDRO
1991,NE
1992,NEA
1993,NEE
1994,NEE-I
1995,NEE-J
1996,NEE-K
1997,NEE-Q
1998,NEE-R
1999,NEM
2000,NEP
2001,NETS
2002,NEU
2003,NEV
2004,NEW
2005,NEWM
2006,NEWR
2007,NEXA
2008,NFC
2009,NFC.U
2010,NFC.W
2011,NFG
2012,NFJ
2013,NFX
2014,NGG
2015,NGL
2016,NGL-A
2017,NGL-B
2018,NGS
2019,NGVC
2020,NGVT
2021,NHA
2022,NHF
2023,NHI
2024,NI
2025,NID
2026,NIE
2027,NIM
2028,NINE
2029,NIO
2030,NIQ
2031,NJR
2032,NJV
2033,NKE
2034,NKG
2035,NKX
2036,NL
2037,NLS
2038,NLSN
2039,NLY
2040,NLY-C
2041,NLY-D
2042,NLY-F
2043,NLY-G
2044,NLY-H
2045,NM
2046,NM-G
2047,NM-H
2048,NMFC
2049,NMI
2050,NMK-B
2051,NMK-C
2052,NMM
2053,NMR
2054,NMS
2055,NMT
2056,NMY
2057,NMZ
2058,NNA
2059,NNC
2060,NNI
2061,NNN
2062,NNN-E
2063,NNN-F
2064,NNY
2065,NOA
2066,NOAH
2067,NOC
2068,NOK
2069,NOM
2070,NOMD
2071,NOV
2072,NOW
2073,NP
2074,NPK
2075,NPN
2076,NPO
2077,NPTN
2078,NPV
2079,NQP
2080,NR
2081,NRE
2082,NRG
2083,NRK
2084,NRP
2085,NRT
2086,NRZ
2087,NS
2088,NS-A
2089,NS-B
2090,NS-C
2091,NSA
2092,NSA-A
2093,NSC
2094,NSL
2095,NSP
2096,NSS
2097,NTB
2098,NTC
2099,NTG
2100,NTP
2101,NTR
2102,NTX
2103,NTZ
2104,NUE
2105,NUM
2106,NUO
2107,NUS
2108,NUV
2109,NUW
2110,NVG
2111,NVGS
2112,NVO
2113,NVR
2114,NVRO
2115,NVS
2116,NVT
2117,NVTA
2118,NWE
2119,NWHM
2120,NWL
2121,NWN
2122,NWY
2123,NX
2124,NXC
2125,NXJ
2126,NXN
2127,NXP
2128,NXQ
2129,NXR
2130,NXRT
2131,NYC-A
2132,NYC-U
2133,NYCB
2134,NYL.A
2135,NYLD
2136,NYRT
2137,NYT
2138,NYV
2139,NZF
2140,O
2141,OAK
2142,OAK-A
2143,OAK-B
2144,OAS
2145,OBE
2146,OC
2147,OCN
2148,ODC
2149,OEC
2150,OFC
2151,OFG
2152,OFG-A
2153,OFG-B
2154,OFG-D
2155,OGE
2156,OGS
2157,OHI
2158,OI
2159,OIA
2160,OIB.C
2161,OII
2162,OIS
2163,OKE
2164,OLN
2165,OLP
2166,OMA.U
2167,OMA.W
2168,OMAD
2169,OMC
2170,OMF
2171,OMI
2172,OMN
2173,OMP
2174,ONDK
2175,ONE
2176,OOMA
2177,OPP
2178,OPY
2179,OR
2180,ORA
2181,ORAN
2182,ORC
2183,ORCL
2184,ORI
2185,ORN
2186,OSB
2187,OSG
2188,OSK
2189,OSLE
2190,OUT
2191,OXM
2192,OXY
2193,OZM
2194,P
2195,PAA
2196,PAC
2197,PAG
2198,PAGP
2199,PAGS
2200,PAH
2201,PAI
2202,PAM
2203,PANW
2204,PAR
2205,PARR
2206,PAYC
2207,PB
2208,PBA
2209,PBB
2210,PBF
2211,PBFX
2212,PBH
2213,PBI
2214,PBI-B
2215,PBR
2216,PBR.A
2217,PBT
2218,PBY
2219,PCF
2220,PCG
2221,PCI
2222,PCK
2223,PCM
2224,PCN
2225,PCQ
2226,PDI
2227,PDM
2228,PDS
2229,PDT
2230,PE
2231,PEB
2232,PEB-C
2233,PEB-D
2234,PEG
2235,PEI
2236,PEI-B
2237,PEI-C
2238,PEI-D
2239,PEN
2240,PEO
2241,PER
2242,PES
2243,PF
2244,PFD
2245,PFE
2246,PFGC
2247,PFH
2248,PFL
2249,PFN
2250,PFO
2251,PFS
2252,PFSI
2253,PG
2254,PGP
2255,PGR
2256,PGRE
2257,PGTI
2258,PGZ
2259,PH
2260,PHD
2261,PHG
2262,PHH
2263,PHI
2264,PHK
2265,PHM
2266,PHT
2267,PHX
2268,PII
2269,PIM
2270,PIR
2271,PIY
2272,PJC
2273,PJH
2274,PJT
2275,PK
2276,PKD
2277,PKE
2278,PKG
2279,PKI
2280,PKO
2281,PKX
2282,PLD
2283,PLNT
2284,PLOW
2285,PLT
2286,PM
2287,PMF
2288,PML
2289,PMM
2290,PMO
2291,PMT
2292,PMT-A
2293,PMT-B
2294,PMX
2295,PNC
2296,PNC-P
2297,PNC-Q
2298,PNC.W
2299,PNF
2300,PNI
2301,PNM
2302,PNR
2303,PNW
2304,POL
2305,POR
2306,POST
2307,PPDF
2308,PPG
2309,PPL
2310,PPR
2311,PPT
2312,PPX
2313,PQG
2314,PRA
2315,PRE-F
2316,PRE-G
2317,PRE-H
2318,PRE-I
2319,PRGO
2320,PRH
2321,PRI
2322,PRI-A
2323,PRLB
2324,PRO
2325,PRS
2326,PRSP
2327,PRT
2328,PRTY
2329,PRU
2330,PSA
2331,PSA-A
2332,PSA-B
2333,PSA-C
2334,PSA-D
2335,PSA-E
2336,PSA-F
2337,PSA-G
2338,PSA-U
2339,PSA-V
2340,PSA-W
2341,PSA-X
2342,PSA-Y
2343,PSA-Z
2344,PSB
2345,PSB-U
2346,PSB-V
2347,PSB-W
2348,PSB-X
2349,PSB-Y
2350,PSF
2351,PSO
2352,PSTG
2353,PSX
2354,PSXP
2355,PTR
2356,PTY
2357,PUK
2358,PUK-A
2359,PUK.P
2360,PUMP
2361,PVG
2362,PVH
2363,PVTL
2364,PWR
2365,PX
2366,PXD
2367,PYN
2368,PYS
2369,PYT
2370,PYX
2371,PZC
2372,PZN
2373,QD
2374,QEP
2375,QES
2376,QGEN
2377,QHC
2378,QSR
2379,QTM
2380,QTS
2381,QTS-A
2382,QTS-B
2383,QTWO
2384,QUAD
2385,QUOT
2386,R
2387,RA
2388,RACE
2389,RAD
2390,RBA
2391,RBC
2392,RBS
2393,RBS-S
2394,RCI
2395,RCL
2396,RCS
2397,RCUS
2398,RDC
2399,RDN
2400,RDS.A
2401,RDS.B
2402,RDY
2403,RE
2404,REG
2405,RELX
2406,REN
2407,RENN
2408,RENX
2409,RES
2410,RESI
2411,REV
2412,REVG
2413,REX
2414,REX-A
2415,REX-B
2416,REXR
2417,RF
2418,RF-A
2419,RF-B
2420,RFI
2421,RFP
2422,RGA
2423,RGR
2424,RGS
2425,RGT
2426,RH
2427,RHI
2428,RHP
2429,RHT
2430,RIG
2431,RIO
2432,RIV
2433,RJF
2434,RL
2435,RLGY
2436,RLH
2437,RLI
2438,RLJ
2439,RLJ-A
2440,RM
2441,RMAX
2442,RMD
2443,RMP.P
2444,RMT
2445,RNG
2446,RNGR
2447,RNP
2448,RNR
2449,RNR-C
2450,RNR-E
2451,RNR-F
2452,ROG
2453,ROK
2454,ROL
2455,ROP
2456,ROYT
2457,RPAI
2458,RPM
2459,RPT
2460,RPT-D
2461,RQI
2462,RRC
2463,RRD
2464,RRTS
2465,RS
2466,RSG
2467,RST
2468,RTEC
2469,RTN
2470,RUBI
2471,RVI
2472,RVT
2473,RWG.U
2474,RWG.W
2475,RWGE
2476,RWT
2477,RXN
2478,RXN-A
2479,RY
2480,RY-T
2481,RYA-A
2482,RYAM
2483,RYB
2484,RYI
2485,RYN
2486,RZA
2487,RZB
2488,S
2489,SA
2490,SAB
2491,SAF
2492,SAFE
2493,SAH
2494,SAIC
2495,SAIL
2496,SALT
2497,SAM
2498,SAN
2499,SAN-B
2500,SAP
2501,SAR
2502,SAVE
2503,SB
2504,SB-C
2505,SB-D
2506,SBBC
2507,SBGL
2508,SBH
2509,SBI
2510,SBNA
2511,SBOW
2512,SBR
2513,SBS
2514,SC
2515,SCA
2516,SCCO
2517,SCD
2518,SCE-G
2519,SCE-H
2520,SCE-J
2521,SCE-K
2522,SCE-L
2523,SCG
2524,SCH-C
2525,SCH-D
2526,SCHW
2527,SCI
2528,SCL
2529,SCM
2530,SCS
2531,SCX
2532,SD
2533,SDLP
2534,SDR
2535,SDRL
2536,SDT
2537,SE
2538,SEAS
2539,SEE
2540,SEM
2541,SEMG
2542,SEND
2543,SEP
2544,SERV
2545,SF
2546,SF-A
2547,SFB
2548,SFE
2549,SFL
2550,SFS
2551,SFUN
2552,SGU
2553,SGZA
2554,SHAK
2555,SHG
2556,SHI
2557,SHLX
2558,SHO
2559,SHO-E
2560,SHO-F
2561,SHOP
2562,SHW
2563,SID
2564,SIG
2565,SITE
2566,SIX
2567,SJI
2568,SJIU
2569,SJM
2570,SJR
2571,SJT
2572,SJW
2573,SKM
2574,SKT
2575,SKX
2576,SKY
2577,SLB
2578,SLCA
2579,SLD
2580,SLDA
2581,SLDD
2582,SLF
2583,SLG
2584,SLG-I
2585,SLTB
2586,SM
2587,SMAR
2588,SMFG
2589,SMG
2590,SMHI
2591,SMI
2592,SMLP
2593,SMM
2594,SMP
2595,SMTA
2596,SN
2597,SNA
2598,SNAP
2599,SNDR
2600,SNE
2601,SNN
2602,SNP
2603,SNR
2604,SNV
2605,SNV-D
2606,SNX
2607,SNY
2608,SO
2609,SOGO
2610,SOI
2611,SOJA
2612,SOJB
2613,SOJC
2614,SOL
2615,SON
2616,SOR
2617,SPA
2618,SPA.U
2619,SPB
2620,SPE
2621,SPE-B
2622,SPG
2623,SPG-J
2624,SPGI
2625,SPH
2626,SPL-A
2627,SPLP
2628,SPN
2629,SPOT
2630,SPR
2631,SPXC
2632,SPXX
2633,SQ
2634,SQM
2635,SQNS
2636,SR
2637,SRC
2638,SRC-A
2639,SRE
2640,SRE-A
2641,SRE-B
2642,SRF
2643,SRG
2644,SRG-A
2645,SRI
2646,SRLP
2647,SRT
2648,SRV
2649,SSD
2650,SSI
2651,SSL
2652,SSTK
2653,SSW
2654,SSW-D
2655,SSW-E
2656,SSW-G
2657,SSW-H
2658,SSWA
2659,SSWN
2660,ST
2661,STA-C
2662,STA-D
2663,STA-G
2664,STA-I
2665,STAG
2666,STAR
2667,STC
2668,STE
2669,STG
2670,STI
2671,STI-A
2672,STI.A
2673,STI.B
2674,STK
2675,STL
2676,STL-A
2677,STM
2678,STN
2679,STNG
2680,STON
2681,STOR
2682,STT
2683,STT-C
2684,STT-D
2685,STT-E
2686,STT-G
2687,STWD
2688,STZ
2689,STZ.B
2690,SU
2691,SUI
2692,SUM
2693,SUN
2694,SUP
2695,SUPV
2696,SVU
2697,SWCH
2698,SWJ
2699,SWK
2700,SWM
2701,SWN
2702,SWP
2703,SWX
2704,SWZ
2705,SXC
2706,SXCP
2707,SXE
2708,SXI
2709,SXT
2710,SYF
2711,SYK
2712,SYX
2713,SYY
2714,SZC
2715,T
2716,TAC
2717,TAHO
2718,TAL
2719,TALO
2720,TAP
2721,TAP.A
2722,TARO
2723,TBB
2724,TBC
2725,TBI
2726,TCF
2727,TCF-D
2728,TCF.W
2729,TCI
2730,TCO
2731,TCO-J
2732,TCO-K
2733,TCP
2734,TCRX
2735,TCRZ
2736,TCS
2737,TD
2738,TDA
2739,TDC
2740,TDE
2741,TDF
2742,TDG
2743,TDI
2744,TDJ
2745,TDOC
2746,TDS
2747,TDW
2748,TDW.A
2749,TDW.B
2750,TDY
2751,TECK
2752,TEF
2753,TEI
2754,TEL
2755,TEN
2756,TEO
2757,TER
2758,TEVA
2759,TEX
2760,TFX
2761,TG
2762,TGE
2763,TGH
2764,TGI
2765,TGNA
2766,TGP
2767,TGP-A
2768,TGP-B
2769,TGS
2770,TGT
2771,THC
2772,THG
2773,THGA
2774,THO
2775,THQ
2776,THR
2777,THS
2778,THW
2779,TI
2780,TI.A
2781,TIER
2782,TIF
2783,TISI
2784,TJX
2785,TK
2786,TKC
2787,TKR
2788,TLI
2789,TLK
2790,TLP
2791,TLRA
2792,TLRD
2793,TLYS
2794,TM
2795,TMHC
2796,TMK
2797,TMK-C
2798,TMO
2799,TMST
2800,TNC
2801,TNET
2802,TNK
2803,TNP
2804,TNP-B
2805,TNP-C
2806,TNP-D
2807,TNP-E
2808,TNP-F
2809,TOL
2810,TOO
2811,TOO-A
2812,TOO-B
2813,TOO-E
2814,TOT
2815,TOWR
2816,TPB
2817,TPC
2818,TPG.H
2819,TPG.I
2820,TPGH
2821,TPH
2822,TPL
2823,TPR
2824,TPRE
2825,TPVG
2826,TPVY
2827,TPX
2828,TPZ
2829,TR
2830,TRC
2831,TRCO
2832,TREC
2833,TREX
2834,TRGP
2835,TRI
2836,TRK
2837,TRN
2838,TRNO
2839,TROX
2840,TRP
2841,TRQ
2842,TRTN
2843,TRTX
2844,TRU
2845,TRV
2846,TS
2847,TSE
2848,TSI
2849,TSLF
2850,TSLX
2851,TSM
2852,TSN
2853,TSQ
2854,TSS
2855,TSU
2856,TTC
2857,TTI
2858,TTM
2859,TTP
2860,TU
2861,TUP
2862,TV
2863,TVC
2864,TVE
2865,TVPT
2866,TWI
2867,TWLO
2868,TWN
2869,TWO
2870,TWO-A
2871,TWO-B
2872,TWO-C
2873,TWO-D
2874,TWO-E
2875,TWTR
2876,TX
2877,TXT
2878,TY
2879,TY.P
2880,TYG
2881,TYL
2882,UA
2883,UAA
2884,UAL
2885,UAN
2886,UBA
2887,UBP
2888,UBP-G
2889,UBP-H
2890,UBS
2891,UDR
2892,UE
2893,UFI
2894,UFS
2895,UGI
2896,UGP
2897,UHS
2898,UHT
2899,UIS
2900,UL
2901,UMC
2902,UMH
2903,UMH-B
2904,UMH-C
2905,UMH-D
2906,UN
2907,UNF
2908,UNH
2909,UNM
2910,UNMA
2911,UNP
2912,UNT
2913,UNVR
2914,UPS
2915,URI
2916,USA
2917,USAC
2918,USB
2919,USB-A
2920,USB-H
2921,USB-M
2922,USB-O
2923,USB-P
2924,USDP
2925,USFD
2926,USG
2927,USM
2928,USNA
2929,USPH
2930,USX
2931,UTF
2932,UTI
2933,UTL
2934,UTX
2935,UVE
2936,UVV
2937,UZA
2938,UZB
2939,UZC
2940,V
2941,VAC
2942,VALE
2943,VAM
2944,VAR
2945,VBF
2946,VCRA
2947,VCV
2948,VEC
2949,VEDL
2950,VEEV
2951,VER
2952,VER-F
2953,VET
2954,VFC
2955,VG
2956,VGI
2957,VGM
2958,VGR
2959,VHI
2960,VICI
2961,VIPS
2962,VIV
2963,VJET
2964,VKQ
2965,VLO
2966,VLP
2967,VLRS
2968,VLT
2969,VLY
2970,VLY-A
2971,VLY-B
2972,VLY.W
2973,VMC
2974,VMI
2975,VMO
2976,VMW
2977,VNCE
2978,VNE
2979,VNO
2980,VNO-K
2981,VNO-L
2982,VNO-M
2983,VNTR
2984,VOC
2985,VOYA
2986,VPG
2987,VPV
2988,VR-A
2989,VR-B
2990,VRS
2991,VRTV
2992,VSH
2993,VSI
2994,VSLR
2995,VSM
2996,VST
2997,VST.A
2998,VSTO
2999,VTA
3000,VTN
3001,VTR
3002,VTRB
3003,VVC
3004,VVI
3005,VVR
3006,VVV
3007,VZ
3008,VZA
3009,W
3010,WAAS
3011,WAB
3012,WAGE
3013,WAIR
3014,WAL
3015,WALA
3016,WAT
3017,WBAI
3018,WBC
3019,WBK
3020,WBS
3021,WBS-F
3022,WBT
3023,WCC
3024,WCG
3025,WCN
3026,WD
3027,WDR
3028,WEA
3029,WEC
3030,WEL-I
3031,WELL
3032,WES
3033,WEX
3034,WF
3035,WFC
3036,WFC-L
3037,WFC-N
3038,WFC-O
3039,WFC-P
3040,WFC-Q
3041,WFC-R
3042,WFC-T
3043,WFC-V
3044,WFC-W
3045,WFC-X
3046,WFC-Y
3047,WFC.W
3048,WFE-A
3049,WFT
3050,WGO
3051,WGP
3052,WH
3053,WHD
3054,WHG
3055,WHR
3056,WIA
3057,WIT
3058,WIW
3059,WK
3060,WLH
3061,WLK
3062,WLKP
3063,WLL
3064,WM
3065,WMB
3066,WMC
3067,WMK
3068,WMLP
3069,WMS
3070,WMT
3071,WNC
3072,WNS
3073,WOR
3074,WOW
3075,WP
3076,WPC
3077,WPG
3078,WPG-H
3079,WPG-I
3080,WPM
3081,WPP
3082,WPX
3083,WRB
3084,WRB-B
3085,WRB-C
3086,WRB-D
3087,WRB-E
3088,WRD
3089,WRE
3090,WRI
3091,WRK
3092,WSM
3093,WSO
3094,WSO.B
3095,WSR
3096,WST
3097,WTI
3098,WTM
3099,WTR
3100,WTS
3101,WTTR
3102,WTW
3103,WU
3104,WUBA
3105,WWE
3106,WWW
3107,WY
3108,WYND
3109,X
3110,XAN
3111,XAN-C
3112,XEC
3113,XFLT
3114,XHR
3115,XIN
3116,XL
3117,XOM
3118,XON
3119,XOXO
3120,XPO
3121,XRF
3122,XRM
3123,XRX
3124,XYL
3125,Y
3126,YELP
3127,YEXT
3128,YPF
3129,YRD
3130,YUM
3131,YUMC
3132,ZAYO
3133,ZB-A
3134,ZB-G
3135,ZB-H
3136,ZBH
3137,ZBK
3138,ZEN
3139,ZF
3140,ZNH
3141,ZOES
3142,ZTO
3143,ZTR
3144,ZTS
3145,ZUO
3146,ZYME
